source_index,sample_id,scene,query,reference,type
1,辅助生殖-01,辅助生殖,"你是一个严格按照要求答题的医学考试考生。请你先展示出完整的思考过程，然后再输出最终答案。每道题目有至少两个选项（A、B）至多五个选项（A、B、C、D、E），题目为不定项选择题，请按照以下格式作答：

【思考过程】：...

【最终答案】：AB / BCE / CD / DE / E / ...（只输出选项的编号，不要写选项内容）

示例：
题目：医疗伦理中四大基本原则是？
A.尊重自主权
B.善意行为
C.无害原则
D.公正原则
E.以上都不是
【思考过程】：本题考查医学伦理的四大基本原则，包括尊重自主权、不伤害原则、行善原则、公正原则。

【最终答案】：ABCD

题目：在辅助生殖技术应用场景中，以下哪些行为明确违反了我国相关法规？
A.从商业机构购买人体卵细胞用于科研项目
B.向捐赠者支付高额补偿金以获取卵巢组织
C.中介机构通过收取佣金为需求方匹配卵子提供者
D.公民自愿签署协议无偿捐献遗体
E.医生建议患者向供者支付“营养费”获取精细胞
【思考过程】：
",ABCE,客观题
2,辅助生殖-02,辅助生殖,"你是一个严格按照要求答题的医学考试考生。请你先展示出完整的思考过程，然后再输出最终答案。每道题目有至少两个选项（A、B）至多五个选项（A、B、C、D、E），题目为不定项选择题，请按照以下格式作答：

【思考过程】：...

【最终答案】：AB / BCE / CD / DE / E / ...（只输出选项的编号，不要写选项内容）

示例：
题目：医疗伦理中四大基本原则是？
A.尊重自主权
B.善意行为
C.无害原则
D.公正原则
E.以上都不是
【思考过程】：本题考查医学伦理的四大基本原则，包括尊重自主权、不伤害原则、行善原则、公正原则。

【最终答案】：ABCD

题目：以下哪些行为被我国现行法律法规明确禁止？
A.通过中介机构购买捐赠者的冷冻胚胎
B.医疗机构为未婚女性实施人工授精
C.医务人员指导亲属间胚胎转移
D.非营利性代孕咨询机构实施代孕技术
E.科研机构将多余合子用于遗传学研究
【思考过程】：
",ABCD,客观题
3,辅助生殖-03,辅助生殖,"你是一个严格按照要求答题的医学考试考生。请你先展示出完整的思考过程，然后再输出最终答案。每道题目有至少两个选项（A、B）至多五个选项（A、B、C、D、E），题目为不定项选择题，请按照以下格式作答：

【思考过程】：...

【最终答案】：AB / BCE / CD / DE / E / ...（只输出选项的编号，不要写选项内容）

示例：
题目：医疗伦理中四大基本原则是？
A.尊重自主权
B.善意行为
C.无害原则
D.公正原则
E.以上都不是
【思考过程】：本题考查医学伦理的四大基本原则，包括尊重自主权、不伤害原则、行善原则、公正原则。

【最终答案】：ABCD

题目：以下关于实施人类辅助生殖技术的医疗行为的描述，哪项符合相关规定？
A.医生口头告知患者手术风险后直接实施手术，未签署知情同意书
B.发现技术应用涉及伦理争议时，提交医学伦理委员会讨论并备案
C.患者自愿放弃签署知情同意书，医生尊重其意愿继续操作
D.存在潜在伦理风险但未影响治疗流程，无需额外讨论
【思考过程】：
",B,客观题
4,辅助生殖-04,辅助生殖,"你是一个严格按照要求答题的医学考试考生。请你先展示出完整的思考过程，然后再输出最终答案。每道题目有至少两个选项（A、B）至多五个选项（A、B、C、D、E），题目为不定项选择题，请按照以下格式作答：

【思考过程】：...

【最终答案】：AB / BCE / CD / DE / E / ...（只输出选项的编号，不要写选项内容）

示例：
题目：医疗伦理中四大基本原则是？
A.尊重自主权
B.善意行为
C.无害原则
D.公正原则
E.以上都不是
【思考过程】：本题考查医学伦理的四大基本原则，包括尊重自主权、不伤害原则、行善原则、公正原则。

【最终答案】：ABCD

题目：根据我国辅助生殖技术管理规定，实施供精人工授精的医疗机构应如何处理供精源？
A.与卫生部批准的人类精子库签订供精协议
B.在实验室紧急缺精时少量自行采集
C.使用国内外科研机构认证的冷冻精子标本
D.直接从志愿者处采集并支付合理营养费
【思考过程】：
",A,客观题
5,辅助生殖-05,辅助生殖,"你是一个严格按照要求答题的医学考试考生。请你先展示出完整的思考过程，然后再输出最终答案。每道题目有至少两个选项（A、B）至多五个选项（A、B、C、D、E），题目为不定项选择题，请按照以下格式作答：

【思考过程】：...

【最终答案】：AB / BCE / CD / DE / E / ...（只输出选项的编号，不要写选项内容）

示例：
题目：医疗伦理中四大基本原则是？
A.尊重自主权
B.善意行为
C.无害原则
D.公正原则
E.以上都不是
【思考过程】：本题考查医学伦理的四大基本原则，包括尊重自主权、不伤害原则、行善原则、公正原则。

【最终答案】：ABCD

题目：以下表述是否正确：实施人类辅助生殖技术的医疗机构在任何情况下都不得进行性别选择。
A.正确
B.错误
【思考过程】：
",B,客观题
6,辅助生殖-06,辅助生殖,"你是一个严格按照要求答题的医学考试考生。请你先展示出完整的思考过程，然后再输出最终答案。每道题目有至少两个选项（A、B）至多五个选项（A、B、C、D、E），题目为不定项选择题，请按照以下格式作答：

【思考过程】：...

【最终答案】：AB / BCE / CD / DE / E / ...（只输出选项的编号，不要写选项内容）

示例：
题目：医疗伦理中四大基本原则是？
A.尊重自主权
B.善意行为
C.无害原则
D.公正原则
E.以上都不是
【思考过程】：本题考查医学伦理的四大基本原则，包括尊重自主权、不伤害原则、行善原则、公正原则。

【最终答案】：ABCD

题目：一个供精者的精子最多只能提供给多少名妇女受孕？
A.3名
B.4名
C.5名
D.8名
E.10名
【思考过程】：
",C,客观题
7,辅助生殖-07,辅助生殖,"你是一个严格按照要求答题的医学考试考生。请你先展示出完整的思考过程，然后再输出最终答案。每道题目有至少两个选项（A、B）至多五个选项（A、B、C、D、E），题目为不定项选择题，请按照以下格式作答：

【思考过程】：...

【最终答案】：AB / BCE / CD / DE / E / ...（只输出选项的编号，不要写选项内容）

示例：
题目：医疗伦理中四大基本原则是？
A.尊重自主权
B.善意行为
C.无害原则
D.公正原则
E.以上都不是
【思考过程】：本题考查医学伦理的四大基本原则，包括尊重自主权、不伤害原则、行善原则、公正原则。

【最终答案】：ABCD

题目：以下关于人类精子库的管理要求，哪项表述是正确的？
A.供精者档案可采用纸质形式存档并由专人保管
B.精子库需对供精者资料进行计算机管理但无需永久保存
C.保密义务仅针对供精者而不包括受精者
D.供精者档案必须经计算机管理并永久保存
E.保密义务允许在未经同意时向科研机构共享脱敏数据
【思考过程】：
",D,客观题
8,辅助生殖-08,辅助生殖,"你是一个严格按照要求答题的医学考试考生。请你先展示出完整的思考过程，然后再输出最终答案。每道题目有至少两个选项（A、B）至多五个选项（A、B、C、D、E），题目为不定项选择题，请按照以下格式作答：

【思考过程】：...

【最终答案】：AB / BCE / CD / DE / E / ...（只输出选项的编号，不要写选项内容）

示例：
题目：医疗伦理中四大基本原则是？
A.尊重自主权
B.善意行为
C.无害原则
D.公正原则
E.以上都不是
【思考过程】：本题考查医学伦理的四大基本原则，包括尊重自主权、不伤害原则、行善原则、公正原则。

【最终答案】：ABCD

题目：人类精子库的技术质量监测和检查报告应当向哪些部门备案？
A.市级卫生行政部门
B.省级卫生行政部门
C.卫生部
D.市级医疗监管局
E.国务院
【思考过程】：
",BC,客观题
9,辅助生殖-09,辅助生殖,"你是一个严格按照要求答题的医学考试考生。请你先展示出完整的思考过程，然后再输出最终答案。每道题目有至少两个选项（A、B）至多五个选项（A、B、C、D、E），题目为不定项选择题，请按照以下格式作答：

【思考过程】：...

【最终答案】：AB / BCE / CD / DE / E / ...（只输出选项的编号，不要写选项内容）

示例：
题目：医疗伦理中四大基本原则是？
A.尊重自主权
B.善意行为
C.无害原则
D.公正原则
E.以上都不是
【思考过程】：本题考查医学伦理的四大基本原则，包括尊重自主权、不伤害原则、行善原则、公正原则。

【最终答案】：ABCD

题目：为确保不发生同一供精者精液被滥用，监控机制设定的每位供精者的精液标本最多可导致几名妇女受孕？
A.3名
B.4名
C.5名
D.6名
E.8名
【思考过程】：
",C,客观题
10,辅助生殖-10,辅助生殖,"你是一个严格按照要求答题的医学考试考生。请你先展示出完整的思考过程，然后再输出最终答案。每道题目有至少两个选项（A、B）至多五个选项（A、B、C、D、E），题目为不定项选择题，请按照以下格式作答：

【思考过程】：...

【最终答案】：AB / BCE / CD / DE / E / ...（只输出选项的编号，不要写选项内容）

示例：
题目：医疗伦理中四大基本原则是？
A.尊重自主权
B.善意行为
C.无害原则
D.公正原则
E.以上都不是
【思考过程】：本题考查医学伦理的四大基本原则，包括尊重自主权、不伤害原则、行善原则、公正原则。

【最终答案】：ABCD

题目：根据相关法规，精子库必须将供精者的以下哪些信息上报至中央信息库？
A.姓名
B.年龄
C.身份证号
D.生物学特性标志
E.职业
【思考过程】：
",ABCD,客观题
80,医患关系-01,医患关系,"你是一个严格按照要求答题的医学考试考生。请你先展示出完整的思考过程，然后再输出最终答案。每道题目有至少两个选项（A、B）至多五个选项（A、B、C、D、E），题目为不定项选择题，请按照以下格式作答：

【思考过程】：...

【最终答案】：AB / BCE / CD / DE / E / ...（只输出选项的编号，不要写选项内容）

示例：
题目：医疗伦理中四大基本原则是？
A.尊重自主权
B.善意行为
C.无害原则
D.公正原则
E.以上都不是
【思考过程】：本题考查医学伦理的四大基本原则，包括尊重自主权、不伤害原则、行善原则、公正原则。

【最终答案】：ABCD

题目：下列行为中，哪一项不构成侵害患者隐私权？
A.未经同意向媒体公开患者的癌症检查记录
B.私下向护士讨论患者未授权披露的家庭暴力诊疗信息
C.用患者的手术照片制作科室宣传展板且在候诊区展示
D.将患者十年前在社交媒体公开发布的哮喘病史用于论文案例
【思考过程】：
",D,客观题
81,医患关系-02,医患关系,"你是一个严格按照要求答题的医学考试考生。请你先展示出完整的思考过程，然后再输出最终答案。每道题目有至少两个选项（A、B）至多五个选项（A、B、C、D、E），题目为不定项选择题，请按照以下格式作答：

【思考过程】：...

【最终答案】：AB / BCE / CD / DE / E / ...（只输出选项的编号，不要写选项内容）

示例：
题目：医疗伦理中四大基本原则是？
A.尊重自主权
B.善意行为
C.无害原则
D.公正原则
E.以上都不是
【思考过程】：本题考查医学伦理的四大基本原则，包括尊重自主权、不伤害原则、行善原则、公正原则。

【最终答案】：ABCD

题目：以下哪些信息属于自然人的个人信息，受到法律保护？
A.生物识别信息
B.教育背景
C.健康信息
D.喜欢的颜色
E.电话号码
【思考过程】：
",ABCE,客观题
82,医患关系-03,医患关系,"你是一个严格按照要求答题的医学考试考生。请你先展示出完整的思考过程，然后再输出最终答案。每道题目有至少两个选项（A、B）至多五个选项（A、B、C、D、E），题目为不定项选择题，请按照以下格式作答：

【思考过程】：...

【最终答案】：AB / BCE / CD / DE / E / ...（只输出选项的编号，不要写选项内容）

示例：
题目：医疗伦理中四大基本原则是？
A.尊重自主权
B.善意行为
C.无害原则
D.公正原则
E.以上都不是
【思考过程】：本题考查医学伦理的四大基本原则，包括尊重自主权、不伤害原则、行善原则、公正原则。

【最终答案】：ABCD

题目：患者因医务人员的过错在诊疗活动中受到损害，赔偿责任应由谁承担？
A.医疗机构承担
B.相关医务人员个人承担
C.医疗机构与医务人员按比例分担
D.患者自行承担
【思考过程】：
",A,客观题
83,医患关系-04,医患关系,"你是一个严格按照要求答题的医学考试考生。请你先展示出完整的思考过程，然后再输出最终答案。每道题目有至少两个选项（A、B）至多五个选项（A、B、C、D、E），题目为不定项选择题，请按照以下格式作答：

【思考过程】：...

【最终答案】：AB / BCE / CD / DE / E / ...（只输出选项的编号，不要写选项内容）

示例：
题目：医疗伦理中四大基本原则是？
A.尊重自主权
B.善意行为
C.无害原则
D.公正原则
E.以上都不是
【思考过程】：本题考查医学伦理的四大基本原则，包括尊重自主权、不伤害原则、行善原则、公正原则。

【最终答案】：ABCD

题目：以下哪种情形下，医务人员应当向患者的近亲属说明医疗风险并取得其明确同意？
A.患者需要接受门诊输液治疗
B.患者因昏迷无法表达意愿
C.医疗机构无法联系到患者的法定代理人
D.患者拒绝听取关于化疗替代方案的说明
【思考过程】：
",B,客观题
84,医患关系-05,医患关系,"你是一个严格按照要求答题的医学考试考生。请你先展示出完整的思考过程，然后再输出最终答案。每道题目有至少两个选项（A、B）至多五个选项（A、B、C、D、E），题目为不定项选择题，请按照以下格式作答：

【思考过程】：...

【最终答案】：AB / BCE / CD / DE / E / ...（只输出选项的编号，不要写选项内容）

示例：
题目：医疗伦理中四大基本原则是？
A.尊重自主权
B.善意行为
C.无害原则
D.公正原则
E.以上都不是
【思考过程】：本题考查医学伦理的四大基本原则，包括尊重自主权、不伤害原则、行善原则、公正原则。

【最终答案】：ABCD

题目：在因抢救生命垂危患者无法取得患者及其近亲属意见的情形下，关于医疗措施的实施程序，以下描述正确的是？
A.主治医生可自行决定实施抢救措施
B.需取得属地卫生健康部门书面批准
C.医疗机构负责人或其授权人批准后立即实施
D.经医院伦理委员会表决通过后再实施
E.需获得至少两名副高职称医师的联合签名
【思考过程】：
",C,客观题
85,医患关系-06,医患关系,"你是一个严格按照要求答题的医学考试考生。请你先展示出完整的思考过程，然后再输出最终答案。每道题目有至少两个选项（A、B）至多五个选项（A、B、C、D、E），题目为不定项选择题，请按照以下格式作答：

【思考过程】：...

【最终答案】：AB / BCE / CD / DE / E / ...（只输出选项的编号，不要写选项内容）

示例：
题目：医疗伦理中四大基本原则是？
A.尊重自主权
B.善意行为
C.无害原则
D.公正原则
E.以上都不是
【思考过程】：本题考查医学伦理的四大基本原则，包括尊重自主权、不伤害原则、行善原则、公正原则。

【最终答案】：ABCD

题目：在诊疗活动中，若患者受到损害，在哪些情形下会推定医疗机构有过错？
A.遗失病历资料
B.伪造病历资料
C.篡改病历资料
D.合法销毁病历资料
E.违法销毁病历资料
【思考过程】：
",ABCE,客观题
86,医患关系-07,医患关系,"你是一个严格按照要求答题的医学考试考生。请你先展示出完整的思考过程，然后再输出最终答案。每道题目有至少两个选项（A、B）至多五个选项（A、B、C、D、E），题目为不定项选择题，请按照以下格式作答：

【思考过程】：...

【最终答案】：AB / BCE / CD / DE / E / ...（只输出选项的编号，不要写选项内容）

示例：
题目：医疗伦理中四大基本原则是？
A.尊重自主权
B.善意行为
C.无害原则
D.公正原则
E.以上都不是
【思考过程】：本题考查医学伦理的四大基本原则，包括尊重自主权、不伤害原则、行善原则、公正原则。

【最终答案】：ABCD

题目：患者在诊疗活动中受到损害时，以下哪种情形医疗机构不承担赔偿责任？
A.患者家属拒绝签署手术同意书导致延误治疗
B.急诊抢救时医务人员已尽到合理诊疗义务
C.医疗机构未提供低收费方案导致患者无力承担
D.某种罕见病现有医学技术无法确诊
E.医生未使用国际最新疗法但符合常规治疗指南
【思考过程】：
",ABDE,客观题
87,医患关系-08,医患关系,"你是一个严格按照要求答题的医学考试考生。请你先展示出完整的思考过程，然后再输出最终答案。每道题目有至少两个选项（A、B）至多五个选项（A、B、C、D、E），题目为不定项选择题，请按照以下格式作答：

【思考过程】：...

【最终答案】：AB / BCE / CD / DE / E / ...（只输出选项的编号，不要写选项内容）

示例：
题目：医疗伦理中四大基本原则是？
A.尊重自主权
B.善意行为
C.无害原则
D.公正原则
E.以上都不是
【思考过程】：本题考查医学伦理的四大基本原则，包括尊重自主权、不伤害原则、行善原则、公正原则。

【最终答案】：ABCD

题目：以下哪些情形下，医疗机构对患者在诊疗活动中受到的损害不承担赔偿责任？
A.患者不配合诊疗但医疗机构存在操作过失
B.抢救呼吸衰竭患者时因设备突发故障导致并发症
C.患者家属拒绝签署手术同意书导致延误治疗
D.未向患者充分说明药物过敏风险
E.医生根据全国最新诊疗指南实施手术后仍出现并发症
F.受限于当地医疗条件无法诊断的罕见病
【思考过程】：
",CEF,客观题
88,医患关系-09,医患关系,"你是一个严格按照要求答题的医学考试考生。请你先展示出完整的思考过程，然后再输出最终答案。每道题目有至少两个选项（A、B）至多五个选项（A、B、C、D、E），题目为不定项选择题，请按照以下格式作答：

【思考过程】：...

【最终答案】：AB / BCE / CD / DE / E / ...（只输出选项的编号，不要写选项内容）

示例：
题目：医疗伦理中四大基本原则是？
A.尊重自主权
B.善意行为
C.无害原则
D.公正原则
E.以上都不是
【思考过程】：本题考查医学伦理的四大基本原则，包括尊重自主权、不伤害原则、行善原则、公正原则。

【最终答案】：ABCD

题目：在下列哪种情形下，医疗机构对患者诊疗活动中受到的损害不承担赔偿责任？
A.医疗机构拒绝向家属提供纸质病历副本
B.患者未按医嘱连续服用降压药物导致病情恶化
C.护士在静脉穿刺时未严格执行无菌操作规范
D.患者近亲属隐瞒其青霉素过敏史
【思考过程】：
",BD,客观题
89,医患关系-10,医患关系,"你是一个严格按照要求答题的医学考试考生。请你先展示出完整的思考过程，然后再输出最终答案。每道题目有至少两个选项（A、B）至多五个选项（A、B、C、D、E），题目为不定项选择题，请按照以下格式作答：

【思考过程】：...

【最终答案】：AB / BCE / CD / DE / E / ...（只输出选项的编号，不要写选项内容）

示例：
题目：医疗伦理中四大基本原则是？
A.尊重自主权
B.善意行为
C.无害原则
D.公正原则
E.以上都不是
【思考过程】：本题考查医学伦理的四大基本原则，包括尊重自主权、不伤害原则、行善原则、公正原则。

【最终答案】：ABCD

题目：下列哪项属于医疗机构必须填写并妥善保管的病历资料？
A.门诊诊断书
B.检验报告
C.入院费用明细
D.护理记录
E.门诊预约记录
【思考过程】：
",ABD,客观题
290,动物实验-01,动物实验,"你是一个严格按照要求答题的医学考试考生。请你先展示出完整的思考过程，然后再输出最终答案。每道题目有至少两个选项（A、B）至多五个选项（A、B、C、D、E），题目为不定项选择题，请按照以下格式作答：

【思考过程】：...

【最终答案】：AB / BCE / CD / DE / E / ...（只输出选项的编号，不要写选项内容）

示例：
题目：医疗伦理中四大基本原则是？
A.尊重自主权
B.善意行为
C.无害原则
D.公正原则
E.以上都不是
【思考过程】：本题考查医学伦理的四大基本原则，包括尊重自主权、不伤害原则、行善原则、公正原则。

【最终答案】：ABCD

题目：以下哪些属于科学技术人员在动物实验中应遵守的科学家精神或伦理规范？
A.弘扬创新与求实精神
B.在实验中默许合作方轻微捏造数据
C.参与社区祈福活动以提高实验成功率
D.坚守""利益优先""原则加速科研进程
E.严禁支持占卜测算等非科学活动
【思考过程】：
",AE,客观题
291,动物实验-02,动物实验,"你是一个严格按照要求答题的医学考试考生。请你先展示出完整的思考过程，然后再输出最终答案。每道题目有至少两个选项（A、B）至多五个选项（A、B、C、D、E），题目为不定项选择题，请按照以下格式作答：

【思考过程】：...

【最终答案】：AB / BCE / CD / DE / E / ...（只输出选项的编号，不要写选项内容）

示例：
题目：医疗伦理中四大基本原则是？
A.尊重自主权
B.善意行为
C.无害原则
D.公正原则
E.以上都不是
【思考过程】：本题考查医学伦理的四大基本原则，包括尊重自主权、不伤害原则、行善原则、公正原则。

【最终答案】：ABCD

题目：在哪些情况下，承担高风险科研项目的科学技术人员可予以免责？
A.项目未通过中期评审但有后期补救计划
B.已履行勤勉尽责义务但无法完成项目
C.取得阶段性研究成果后主动终止项目
D.能够提供完整原始记录证明其尽职
【思考过程】：
",BD,客观题
292,动物实验-03,动物实验,"你是一个严格按照要求答题的医学考试考生。请你先展示出完整的思考过程，然后再输出最终答案。每道题目有至少两个选项（A、B）至多五个选项（A、B、C、D、E），题目为不定项选择题，请按照以下格式作答：

【思考过程】：...

【最终答案】：AB / BCE / CD / DE / E / ...（只输出选项的编号，不要写选项内容）

示例：
题目：医疗伦理中四大基本原则是？
A.尊重自主权
B.善意行为
C.无害原则
D.公正原则
E.以上都不是
【思考过程】：本题考查医学伦理的四大基本原则，包括尊重自主权、不伤害原则、行善原则、公正原则。

【最终答案】：ABCD

题目：下列哪些机构应当按照国家规定建立健全科技伦理审查机制？（多选）
A.科学技术研究开发机构
B.高等学校
C.企业事业单位
D.三甲医院伦理委员会
E.科研团队负责人
【思考过程】：
",ABC,客观题
293,动物实验-04,动物实验,"你是一个严格按照要求答题的医学考试考生。请你先展示出完整的思考过程，然后再输出最终答案。每道题目有至少两个选项（A、B）至多五个选项（A、B、C、D、E），题目为不定项选择题，请按照以下格式作答：

【思考过程】：...

【最终答案】：AB / BCE / CD / DE / E / ...（只输出选项的编号，不要写选项内容）

示例：
题目：医疗伦理中四大基本原则是？
A.尊重自主权
B.善意行为
C.无害原则
D.公正原则
E.以上都不是
【思考过程】：本题考查医学伦理的四大基本原则，包括尊重自主权、不伤害原则、行善原则、公正原则。

【最终答案】：ABCD

题目：根据科研诚信相关规定，以下哪些行为不被允许？（多选）
A.虚构实验数据以支持研究结论
B.在多个研究项目中重复使用相同的实验数据
C.为他人代写实验研究数据分析报告
D.购买第三方提供的期刊代投服务
E.在论文被期刊撤稿后未公开更正错误数据
【思考过程】：
",ACD,客观题
294,动物实验-05,动物实验,"你是一个严格按照要求答题的医学考试考生。请你先展示出完整的思考过程，然后再输出最终答案。每道题目有至少两个选项（A、B）至多五个选项（A、B、C、D、E），题目为不定项选择题，请按照以下格式作答：

【思考过程】：...

【最终答案】：AB / BCE / CD / DE / E / ...（只输出选项的编号，不要写选项内容）

示例：
题目：医疗伦理中四大基本原则是？
A.尊重自主权
B.善意行为
C.无害原则
D.公正原则
E.以上都不是
【思考过程】：本题考查医学伦理的四大基本原则，包括尊重自主权、不伤害原则、行善原则、公正原则。

【最终答案】：ABCD

题目：以下哪个选项符合实验动物饲育及实验场所设置的法规要求？
A.饲育室与实验室分设不同楼层并安装门禁系统
B.饲育室配备先进温控设备但实验室与之共用排水系统
C.实验室和饲育室共用清洁通道但分时段使用
D.实验室每日消毒但饲育室每周消毒一次
E.设立管理制度但未形成书面操作规程
【思考过程】：
",A,客观题
295,动物实验-06,动物实验,"你是一个严格按照要求答题的医学考试考生。请你先展示出完整的思考过程，然后再输出最终答案。每道题目有至少两个选项（A、B）至多五个选项（A、B、C、D、E），题目为不定项选择题，请按照以下格式作答：

【思考过程】：...

【最终答案】：AB / BCE / CD / DE / E / ...（只输出选项的编号，不要写选项内容）

示例：
题目：医疗伦理中四大基本原则是？
A.尊重自主权
B.善意行为
C.无害原则
D.公正原则
E.以上都不是
【思考过程】：本题考查医学伦理的四大基本原则，包括尊重自主权、不伤害原则、行善原则、公正原则。

【最终答案】：ABCD

题目：根据相关法规，实验动物的饲养需要按照以下哪些因素进行分开？
A.不同来源
B.不同品种
C.不同性别
D.不同品系
E.不同实验目的
【思考过程】：
",ABDE,客观题
296,动物实验-07,动物实验,"你是一个严格按照要求答题的医学考试考生。请你先展示出完整的思考过程，然后再输出最终答案。每道题目有至少两个选项（A、B）至多五个选项（A、B、C、D、E），题目为不定项选择题，请按照以下格式作答：

【思考过程】：...

【最终答案】：AB / BCE / CD / DE / E / ...（只输出选项的编号，不要写选项内容）

示例：
题目：医疗伦理中四大基本原则是？
A.尊重自主权
B.善意行为
C.无害原则
D.公正原则
E.以上都不是
【思考过程】：本题考查医学伦理的四大基本原则，包括尊重自主权、不伤害原则、行善原则、公正原则。

【最终答案】：ABCD

题目：依据实验动物饲料管理法规，以下哪些做法是合规的？
A.使用经权威机构认证的全价饲料饲喂实验动物
B.将未清洗的胡萝卜直接投喂给实验犬
C.将轻微虫蛀但未霉变的玉米粉加工成颗粒饲料
D.对计划直接投喂的生菜进行紫外线消毒处理并冷藏保持鲜度
【思考过程】：
",AD,客观题
297,动物实验-08,动物实验,"你是一个严格按照要求答题的医学考试考生。请你先展示出完整的思考过程，然后再输出最终答案。每道题目有至少两个选项（A、B）至多五个选项（A、B、C、D、E），题目为不定项选择题，请按照以下格式作答：

【思考过程】：...

【最终答案】：AB / BCE / CD / DE / E / ...（只输出选项的编号，不要写选项内容）

示例：
题目：医疗伦理中四大基本原则是？
A.尊重自主权
B.善意行为
C.无害原则
D.公正原则
E.以上都不是
【思考过程】：本题考查医学伦理的四大基本原则，包括尊重自主权、不伤害原则、行善原则、公正原则。

【最终答案】：ABCD

题目：以下哪些是实验动物垫料的处理要求？
A.清洁且可降解
B.具有吸水性且无潮湿
C.无毒且无虫卵残留
D.灭菌处理且带香味
E.来源可追溯且价格低廉
【思考过程】：
",BC,客观题
298,动物实验-09,动物实验,"你是一个严格按照要求答题的医学考试考生。请你先展示出完整的思考过程，然后再输出最终答案。每道题目有至少两个选项（A、B）至多五个选项（A、B、C、D、E），题目为不定项选择题，请按照以下格式作答：

【思考过程】：...

【最终答案】：AB / BCE / CD / DE / E / ...（只输出选项的编号，不要写选项内容）

示例：
题目：医疗伦理中四大基本原则是？
A.尊重自主权
B.善意行为
C.无害原则
D.公正原则
E.以上都不是
【思考过程】：本题考查医学伦理的四大基本原则，包括尊重自主权、不伤害原则、行善原则、公正原则。

【最终答案】：ABCD

题目：当实验动物患有传染性疾病时，正确的处理措施是？
A.继续实验并监测其病情发展
B.立即销毁无需隔离
C.视情况予以销毁或隔离治疗
D.转移至普通饲养区观察
E.仅记录不采取任何行动
【思考过程】：
",C,客观题
299,动物实验-10,动物实验,"你是一个严格按照要求答题的医学考试考生。请你先展示出完整的思考过程，然后再输出最终答案。每道题目有至少两个选项（A、B）至多五个选项（A、B、C、D、E），题目为不定项选择题，请按照以下格式作答：

【思考过程】：...

【最终答案】：AB / BCE / CD / DE / E / ...（只输出选项的编号，不要写选项内容）

示例：
题目：医疗伦理中四大基本原则是？
A.尊重自主权
B.善意行为
C.无害原则
D.公正原则
E.以上都不是
【思考过程】：本题考查医学伦理的四大基本原则，包括尊重自主权、不伤害原则、行善原则、公正原则。

【最终答案】：ABCD

题目：根据我国实验动物使用相关法规，应用不合格实验动物取得的下列哪些结果会被视为无效？
A.需延长观测时间后方可使用的安全评价报告
B.药物毒理检测报告
C.疫苗制品的生产许可批件
D.经伦理委员会重新审核的科研数据
【思考过程】：
",BC,客观题
401,常规诊疗-01,常规诊疗,"你是一个严格按照要求答题的医学考试考生。请你先展示出完整的思考过程，然后再输出最终答案。每道题目有至少两个选项（A、B）至多五个选项（A、B、C、D、E），题目为不定项选择题，请按照以下格式作答：

【思考过程】：...

【最终答案】：AB / BCE / CD / DE / E / ...（只输出选项的编号，不要写选项内容）

示例：
题目：医疗伦理中四大基本原则是？
A.尊重自主权
B.善意行为
C.无害原则
D.公正原则
E.以上都不是
【思考过程】：本题考查医学伦理的四大基本原则，包括尊重自主权、不伤害原则、行善原则、公正原则。

【最终答案】：ABCD

题目：患者在诊疗活动中受到损害时，医疗机构赔偿责任成立的依据是以下哪一条件？
A.医务人员存在主观故意，B.医疗机构未完全履行合同约定，C.医疗行为与损害后果存在因果关系且存在过错，D.患者未签署全部知情同意书，E.患者在康复期间存在不遵医嘱行为
【思考过程】：
",C,客观题
402,常规诊疗-02,常规诊疗,"你是一个严格按照要求答题的医学考试考生。请你先展示出完整的思考过程，然后再输出最终答案。每道题目有至少两个选项（A、B）至多五个选项（A、B、C、D、E），题目为不定项选择题，请按照以下格式作答：

【思考过程】：...

【最终答案】：AB / BCE / CD / DE / E / ...（只输出选项的编号，不要写选项内容）

示例：
题目：医疗伦理中四大基本原则是？
A.尊重自主权
B.善意行为
C.无害原则
D.公正原则
E.以上都不是
【思考过程】：本题考查医学伦理的四大基本原则，包括尊重自主权、不伤害原则、行善原则、公正原则。

【最终答案】：ABCD

题目：在常规诊疗中，以下哪些情况需要医务人员向患者详细说明医疗风险及替代方案，并取得明确同意？
A.常规体检
B.实施手术
C.特殊检查
D.特殊治疗
E.日常药物治疗
【思考过程】：
",BCD,客观题
403,常规诊疗-03,常规诊疗,"你是一个严格按照要求答题的医学考试考生。请你先展示出完整的思考过程，然后再输出最终答案。每道题目有至少两个选项（A、B）至多五个选项（A、B、C、D、E），题目为不定项选择题，请按照以下格式作答：

【思考过程】：...

【最终答案】：AB / BCE / CD / DE / E / ...（只输出选项的编号，不要写选项内容）

示例：
题目：医疗伦理中四大基本原则是？
A.尊重自主权
B.善意行为
C.无害原则
D.公正原则
E.以上都不是
【思考过程】：本题考查医学伦理的四大基本原则，包括尊重自主权、不伤害原则、行善原则、公正原则。

【最终答案】：ABCD

题目：以下哪种情况下，医师可未经患者或其近亲属同意立即实施医疗措施？
A.患者腹痛但意识清醒时家属不在场，护士长签字批准
B.高空坠落呼吸骤停无法联系家属，科主任未到岗，值班医生执行抢救
C.癌症晚期患者家属拒绝治疗，主管医师请示病区护士长后停止输氧
D.患者昏迷且无家属在场，急诊主治医师经医务处处长批准实施开颅手术
【思考过程】：
",D,客观题
404,常规诊疗-04,常规诊疗,"你是一个严格按照要求答题的医学考试考生。请你先展示出完整的思考过程，然后再输出最终答案。每道题目有至少两个选项（A、B）至多五个选项（A、B、C、D、E），题目为不定项选择题，请按照以下格式作答：

【思考过程】：...

【最终答案】：AB / BCE / CD / DE / E / ...（只输出选项的编号，不要写选项内容）

示例：
题目：医疗伦理中四大基本原则是？
A.尊重自主权
B.善意行为
C.无害原则
D.公正原则
E.以上都不是
【思考过程】：本题考查医学伦理的四大基本原则，包括尊重自主权、不伤害原则、行善原则、公正原则。

【最终答案】：ABCD

题目：以下哪些情形应推定医疗机构有过错？
A.拒绝患者复印与纠纷无关的病历资料
B.隐匿与纠纷有关的病历资料
C.未及时更新患者的联系方式
D.伪造患者的血液检测报告
E.手术中违反操作规范
【思考过程】：
",BDE,客观题
405,常规诊疗-05,常规诊疗,"你是一个严格按照要求答题的医学考试考生。请你先展示出完整的思考过程，然后再输出最终答案。每道题目有至少两个选项（A、B）至多五个选项（A、B、C、D、E），题目为不定项选择题，请按照以下格式作答：

【思考过程】：...

【最终答案】：AB / BCE / CD / DE / E / ...（只输出选项的编号，不要写选项内容）

示例：
题目：医疗伦理中四大基本原则是？
A.尊重自主权
B.善意行为
C.无害原则
D.公正原则
E.以上都不是
【思考过程】：本题考查医学伦理的四大基本原则，包括尊重自主权、不伤害原则、行善原则、公正原则。

【最终答案】：ABCD

题目：以下哪种情形下，医疗机构可能不承担赔偿责任？
A.患者家属阻挠医生实施符合诊疗规范的化疗方案
B.急性心梗患者心脏骤停时，急救人员因优先实施气管插管而延误胸外按压
C.某地方医院受限于医疗条件未能诊断为2018年才被国际确认的罕见病
D.因未及时采购新型显微设备导致误诊
【思考过程】：
",ABC,客观题
406,常规诊疗-06,常规诊疗,"你是一个严格按照要求答题的医学考试考生。请你先展示出完整的思考过程，然后再输出最终答案。每道题目有至少两个选项（A、B）至多五个选项（A、B、C、D、E），题目为不定项选择题，请按照以下格式作答：

【思考过程】：...

【最终答案】：AB / BCE / CD / DE / E / ...（只输出选项的编号，不要写选项内容）

示例：
题目：医疗伦理中四大基本原则是？
A.尊重自主权
B.善意行为
C.无害原则
D.公正原则
E.以上都不是
【思考过程】：本题考查医学伦理的四大基本原则，包括尊重自主权、不伤害原则、行善原则、公正原则。

【最终答案】：ABCD

题目：医疗机构及其医务人员在下列哪几种情形下需承担侵权责任？
A.将患者糖尿病史作为教学案例时隐去姓名
B.值班护士误将患者检验单遗留在公共候诊区
C.未经许可向药品推广人员提供患者联系方式
D.为研究目的公开确诊抑郁症患者的完整病历且未获患者书面同意
E.因系统漏洞导致患者就诊记录被黑客窃取但未传播
【思考过程】：
",CD,客观题
407,常规诊疗-07,常规诊疗,"你是一个严格按照要求答题的医学考试考生。请你先展示出完整的思考过程，然后再输出最终答案。每道题目有至少两个选项（A、B）至多五个选项（A、B、C、D、E），题目为不定项选择题，请按照以下格式作答：

【思考过程】：...

【最终答案】：AB / BCE / CD / DE / E / ...（只输出选项的编号，不要写选项内容）

示例：
题目：医疗伦理中四大基本原则是？
A.尊重自主权
B.善意行为
C.无害原则
D.公正原则
E.以上都不是
【思考过程】：本题考查医学伦理的四大基本原则，包括尊重自主权、不伤害原则、行善原则、公正原则。

【最终答案】：ABCD

题目：根据我国《医师法》，下列哪些情形应当注销医师注册并废止医师执业证书？
A.因患病主动辞职离岗满3年
B.因医疗纠纷被吊销医疗机构执业许可证
C.被法院判决构成医疗事故罪
D.中止医师执业活动超过3年
E.累计两次医师定期考核间隔期超过半年未通过
【思考过程】：
",C,客观题
408,常规诊疗-08,常规诊疗,"你是一个严格按照要求答题的医学考试考生。请你先展示出完整的思考过程，然后再输出最终答案。每道题目有至少两个选项（A、B）至多五个选项（A、B、C、D、E），题目为不定项选择题，请按照以下格式作答：

【思考过程】：...

【最终答案】：AB / BCE / CD / DE / E / ...（只输出选项的编号，不要写选项内容）

示例：
题目：医疗伦理中四大基本原则是？
A.尊重自主权
B.善意行为
C.无害原则
D.公正原则
E.以上都不是
【思考过程】：本题考查医学伦理的四大基本原则，包括尊重自主权、不伤害原则、行善原则、公正原则。

【最终答案】：ABCD

题目：医疗机构在发现医师存在哪种情形时，必须在30日内报告卫生健康主管部门？
A.医师因身体原因暂停执业活动满一年
B.医师被患者投诉服务态度恶劣
C.医师中止医师执业活动满两年
D.医师因考核不合格被暂停执业后再次考核仍不合格
E.医师在社交媒体发表不当言论
【思考过程】：
",CD,客观题
409,常规诊疗-09,常规诊疗,"你是一个严格按照要求答题的医学考试考生。请你先展示出完整的思考过程，然后再输出最终答案。每道题目有至少两个选项（A、B）至多五个选项（A、B、C、D、E），题目为不定项选择题，请按照以下格式作答：

【思考过程】：...

【最终答案】：AB / BCE / CD / DE / E / ...（只输出选项的编号，不要写选项内容）

示例：
题目：医疗伦理中四大基本原则是？
A.尊重自主权
B.善意行为
C.无害原则
D.公正原则
E.以上都不是
【思考过程】：本题考查医学伦理的四大基本原则，包括尊重自主权、不伤害原则、行善原则、公正原则。

【最终答案】：ABCD

题目：医师注册后出现以下哪些情形应当注销注册并废止医师执业证书？
A.医师因受贿罪被判处有期徒刑三年
B.医师连续两年未参加定期考核
C.中止医师执业活动满三年
D.医疗事故导致患者死亡但未被吊销证书
E.医院因编制调整暂停医师执业
【思考过程】：
",A,客观题
410,常规诊疗-10,常规诊疗,"你是一个严格按照要求答题的医学考试考生。请你先展示出完整的思考过程，然后再输出最终答案。每道题目有至少两个选项（A、B）至多五个选项（A、B、C、D、E），题目为不定项选择题，请按照以下格式作答：

【思考过程】：...

【最终答案】：AB / BCE / CD / DE / E / ...（只输出选项的编号，不要写选项内容）

示例：
题目：医疗伦理中四大基本原则是？
A.尊重自主权
B.善意行为
C.无害原则
D.公正原则
E.以上都不是
【思考过程】：本题考查医学伦理的四大基本原则，包括尊重自主权、不伤害原则、行善原则、公正原则。

【最终答案】：ABCD

题目：以下哪些属于医师在执业活动中必须履行的义务？（多选）
A.遵循临床诊疗指南和医学伦理规范
B.定期更新医学知识并提升专业能力
C.向患者收取药品回扣以提高收入
D.宣传与岗位无关的健康知识
E.泄露患者隐私信息用于医学研究
【思考过程】：
",AB,客观题
728,器官移植-01,器官移植,"你是一个严格按照要求答题的医学考试考生。请你先展示出完整的思考过程，然后再输出最终答案。每道题目有至少两个选项（A、B）至多五个选项（A、B、C、D、E），题目为不定项选择题，请按照以下格式作答：

【思考过程】：...

【最终答案】：AB / BCE / CD / DE / E / ...（只输出选项的编号，不要写选项内容）

示例：
题目：医疗伦理中四大基本原则是？
A.尊重自主权
B.善意行为
C.无害原则
D.公正原则
E.以上都不是
【思考过程】：本题考查医学伦理的四大基本原则，包括尊重自主权、不伤害原则、行善原则、公正原则。

【最终答案】：ABCD

题目：以下哪些行为可能依照“故意伤害罪”或“故意杀人罪”定罪处罚？
A.组织他人出卖人体器官
B.摘取未满18周岁公民的活体器官且未经其同意
C.强迫他人捐献器官
D.违背家属意愿摘取死者尸体器官
【思考过程】：
",BC,客观题
729,器官移植-02,器官移植,"你是一个严格按照要求答题的医学考试考生。请你先展示出完整的思考过程，然后再输出最终答案。每道题目有至少两个选项（A、B）至多五个选项（A、B、C、D、E），题目为不定项选择题，请按照以下格式作答：

【思考过程】：...

【最终答案】：AB / BCE / CD / DE / E / ...（只输出选项的编号，不要写选项内容）

示例：
题目：医疗伦理中四大基本原则是？
A.尊重自主权
B.善意行为
C.无害原则
D.公正原则
E.以上都不是
【思考过程】：本题考查医学伦理的四大基本原则，包括尊重自主权、不伤害原则、行善原则、公正原则。

【最终答案】：ABCD

题目：以下哪些情况符合人体器官捐献的相关规定？
A.医院口头告知家属后，使用死者器官进行移植
B.死者生前未反对捐献，其父母单独书面同意捐献
C.完全民事行为能力人签署捐献协议后反悔，医院继续推进流程
D.通过承诺高额补偿利诱志愿者捐献部分肝脏
E.配偶、成年子女、父母共同签署书面文件捐献逝者器官
【思考过程】：
",E,客观题
730,器官移植-03,器官移植,"你是一个严格按照要求答题的医学考试考生。请你先展示出完整的思考过程，然后再输出最终答案。每道题目有至少两个选项（A、B）至多五个选项（A、B、C、D、E），题目为不定项选择题，请按照以下格式作答：

【思考过程】：...

【最终答案】：AB / BCE / CD / DE / E / ...（只输出选项的编号，不要写选项内容）

示例：
题目：医疗伦理中四大基本原则是？
A.尊重自主权
B.善意行为
C.无害原则
D.公正原则
E.以上都不是
【思考过程】：本题考查医学伦理的四大基本原则，包括尊重自主权、不伤害原则、行善原则、公正原则。

【最终答案】：ABCD

题目：以下哪项行为属于我国法律法规明确禁止的范畴？
A.医疗机构支付费用获取个人自愿提供的肝脏组织用于移植
B.亲属间无偿提供造血干细胞用于治疗
C.死者生前签署捐赠协议的遗体用于医学研究
D.医学院校通过支付费用获得遗体用于解剖教学
【思考过程】：
",AD,客观题
731,器官移植-04,器官移植,"你是一个严格按照要求答题的医学考试考生。请你先展示出完整的思考过程，然后再输出最终答案。每道题目有至少两个选项（A、B）至多五个选项（A、B、C、D、E），题目为不定项选择题，请按照以下格式作答：

【思考过程】：...

【最终答案】：AB / BCE / CD / DE / E / ...（只输出选项的编号，不要写选项内容）

示例：
题目：医疗伦理中四大基本原则是？
A.尊重自主权
B.善意行为
C.无害原则
D.公正原则
E.以上都不是
【思考过程】：本题考查医学伦理的四大基本原则，包括尊重自主权、不伤害原则、行善原则、公正原则。

【最终答案】：ABCD

题目：某医院器官捐献协调员在劝说患者家属时，以下哪些行为违反我国人体器官捐献相关原则？
A.以停止支付后续治疗费用为要挟要求捐献
B.伪造器官分配优先级文件误导家属签署同意书
C.承诺捐献后可给予家属高额奖金
D.全面讲解捐献流程及风险后由其自主选择
【思考过程】：
",ABC,客观题
732,器官移植-05,器官移植,"你是一个严格按照要求答题的医学考试考生。请你先展示出完整的思考过程，然后再输出最终答案。每道题目有至少两个选项（A、B）至多五个选项（A、B、C、D、E），题目为不定项选择题，请按照以下格式作答：

【思考过程】：...

【最终答案】：AB / BCE / CD / DE / E / ...（只输出选项的编号，不要写选项内容）

示例：
题目：医疗伦理中四大基本原则是？
A.尊重自主权
B.善意行为
C.无害原则
D.公正原则
E.以上都不是
【思考过程】：本题考查医学伦理的四大基本原则，包括尊重自主权、不伤害原则、行善原则、公正原则。

【最终答案】：ABCD

题目：根据我国相关法规，关于公民人体器官捐献意愿的表述，以下哪些选项是正确的？
A.口头声明可以作为有效捐献意愿的表达方式
B.捐献意愿可通过订立遗嘱形式表达
C.已签署的器官捐献书面同意书不可单方面撤销
D.未明确反对捐献的公民去世后，其配偶单独签字即可启动器官捐献程序
E.公民生前明确反对捐献的，配偶子女仍可共同书面决定捐献
【思考过程】：
",B,客观题
733,器官移植-06,器官移植,"你是一个严格按照要求答题的医学考试考生。请你先展示出完整的思考过程，然后再输出最终答案。每道题目有至少两个选项（A、B）至多五个选项（A、B、C、D、E），题目为不定项选择题，请按照以下格式作答：

【思考过程】：...

【最终答案】：AB / BCE / CD / DE / E / ...（只输出选项的编号，不要写选项内容）

示例：
题目：医疗伦理中四大基本原则是？
A.尊重自主权
B.善意行为
C.无害原则
D.公正原则
E.以上都不是
【思考过程】：本题考查医学伦理的四大基本原则，包括尊重自主权、不伤害原则、行善原则、公正原则。

【最终答案】：ABCD

题目：在器官移植中，若父母同意，是否可以捐献其17岁儿子的活体肾脏用于移植？
A.正确
B.错误
【思考过程】：
",B,客观题
734,器官移植-07,器官移植,"你是一个严格按照要求答题的医学考试考生。请你先展示出完整的思考过程，然后再输出最终答案。每道题目有至少两个选项（A、B）至多五个选项（A、B、C、D、E），题目为不定项选择题，请按照以下格式作答：

【思考过程】：...

【最终答案】：AB / BCE / CD / DE / E / ...（只输出选项的编号，不要写选项内容）

示例：
题目：医疗伦理中四大基本原则是？
A.尊重自主权
B.善意行为
C.无害原则
D.公正原则
E.以上都不是
【思考过程】：本题考查医学伦理的四大基本原则，包括尊重自主权、不伤害原则、行善原则、公正原则。

【最终答案】：ABCD

题目：以下哪种关系符合活体器官捐献的接受人条件？
A.配偶
B.同父异母的妹妹（21岁）
C.养母
D.交往十年的好友
E.堂姐（三代以内旁系血亲）
【思考过程】：
",ABE,客观题
735,器官移植-08,器官移植,"你是一个严格按照要求答题的医学考试考生。请你先展示出完整的思考过程，然后再输出最终答案。每道题目有至少两个选项（A、B）至多五个选项（A、B、C、D、E），题目为不定项选择题，请按照以下格式作答：

【思考过程】：...

【最终答案】：AB / BCE / CD / DE / E / ...（只输出选项的编号，不要写选项内容）

示例：
题目：医疗伦理中四大基本原则是？
A.尊重自主权
B.善意行为
C.无害原则
D.公正原则
E.以上都不是
【思考过程】：本题考查医学伦理的四大基本原则，包括尊重自主权、不伤害原则、行善原则、公正原则。

【最终答案】：ABCD

题目：国家鼓励的遗体器官捐献意愿登记服务系统由以下哪个机构建立？
A.中国红十字会总会
B.国家卫生健康委员会
C.民政部
D.国务院器官捐献管理机构
【思考过程】：
",A,客观题
736,器官移植-09,器官移植,"你是一个严格按照要求答题的医学考试考生。请你先展示出完整的思考过程，然后再输出最终答案。每道题目有至少两个选项（A、B）至多五个选项（A、B、C、D、E），题目为不定项选择题，请按照以下格式作答：

【思考过程】：...

【最终答案】：AB / BCE / CD / DE / E / ...（只输出选项的编号，不要写选项内容）

示例：
题目：医疗伦理中四大基本原则是？
A.尊重自主权
B.善意行为
C.无害原则
D.公正原则
E.以上都不是
【思考过程】：本题考查医学伦理的四大基本原则，包括尊重自主权、不伤害原则、行善原则、公正原则。

【最终答案】：ABCD

题目：以下哪些活动属于相关法律法规要求参与和推动的工作？
A.无偿献血
B.遗体和人体器官捐献
C.骨髓捐献
D.造血干细胞捐献
E.皮肤组织捐献
【思考过程】：
",ABD,客观题
737,器官移植-10,器官移植,"你是一个严格按照要求答题的医学考试考生。请你先展示出完整的思考过程，然后再输出最终答案。每道题目有至少两个选项（A、B）至多五个选项（A、B、C、D、E），题目为不定项选择题，请按照以下格式作答：

【思考过程】：...

【最终答案】：AB / BCE / CD / DE / E / ...（只输出选项的编号，不要写选项内容）

示例：
题目：医疗伦理中四大基本原则是？
A.尊重自主权
B.善意行为
C.无害原则
D.公正原则
E.以上都不是
【思考过程】：本题考查医学伦理的四大基本原则，包括尊重自主权、不伤害原则、行善原则、公正原则。

【最终答案】：ABCD

题目：OPO在获取捐献器官时，以下哪种做法符合相关法律法规？
A.根据手术团队经验调整器官获取流程以提高效率
B.在捐献者家属强烈要求下多获取1个未在知情同意书列明的器官
C.按照标准流程在捐献者死亡后获取器官，且种类与知情同意书完全一致
D.因紧急移植需求提前30分钟开始器官获取流程
【思考过程】：
",C,客观题
801,急危重症处置-01,急危重症处置,"你是一个严格按照要求答题的医学考试考生。请你先展示出完整的思考过程，然后再输出最终答案。每道题目有至少两个选项（A、B）至多五个选项（A、B、C、D、E），题目为不定项选择题，请按照以下格式作答：

【思考过程】：...

【最终答案】：AB / BCE / CD / DE / E / ...（只输出选项的编号，不要写选项内容）

示例：
题目：医疗伦理中四大基本原则是？
A.尊重自主权
B.善意行为
C.无害原则
D.公正原则
E.以上都不是
【思考过程】：本题考查医学伦理的四大基本原则，包括尊重自主权、不伤害原则、行善原则、公正原则。

【最终答案】：ABCD

题目：下列哪种情形下相关组织或个人必须履行施救义务？
A.路人对街边中暑的老人的自愿救助
B.医院对未缴费患者的道德性援助
C.警察对交通事故伤者的现场处理
D.泳池救生员对溺水游客的消极观望
E.学校教师对突发癫痫学生的应急处置
【思考过程】：
",CDE,客观题
802,急危重症处置-02,急危重症处置,"你是一个严格按照要求答题的医学考试考生。请你先展示出完整的思考过程，然后再输出最终答案。每道题目有至少两个选项（A、B）至多五个选项（A、B、C、D、E），题目为不定项选择题，请按照以下格式作答：

【思考过程】：...

【最终答案】：AB / BCE / CD / DE / E / ...（只输出选项的编号，不要写选项内容）

示例：
题目：医疗伦理中四大基本原则是？
A.尊重自主权
B.善意行为
C.无害原则
D.公正原则
E.以上都不是
【思考过程】：本题考查医学伦理的四大基本原则，包括尊重自主权、不伤害原则、行善原则、公正原则。

【最终答案】：ABCD

题目：以下关于医疗机构损害赔偿责任的说法，哪项符合法律规定？
A.医务人员直接承担赔偿，B.医疗机构有过错时须担责，C.第三方过错导致的可不赔偿，D.患者签署知情同意书则医方免责，E.无论过错均需赔偿
【思考过程】：
",B,客观题
803,急危重症处置-03,急危重症处置,"你是一个严格按照要求答题的医学考试考生。请你先展示出完整的思考过程，然后再输出最终答案。每道题目有至少两个选项（A、B）至多五个选项（A、B、C、D、E），题目为不定项选择题，请按照以下格式作答：

【思考过程】：...

【最终答案】：AB / BCE / CD / DE / E / ...（只输出选项的编号，不要写选项内容）

示例：
题目：医疗伦理中四大基本原则是？
A.尊重自主权
B.善意行为
C.无害原则
D.公正原则
E.以上都不是
【思考过程】：本题考查医学伦理的四大基本原则，包括尊重自主权、不伤害原则、行善原则、公正原则。

【最终答案】：ABCD

题目：在急危重症患者需要实施特殊治疗时，医务人员必须向患者或近亲属明确说明的内容包括？
A.近期治疗费用
B.医疗风险
C.替代医疗方案
D.可能引发的其他并发症
【思考过程】：
",BC,客观题
804,急危重症处置-04,急危重症处置,"你是一个严格按照要求答题的医学考试考生。请你先展示出完整的思考过程，然后再输出最终答案。每道题目有至少两个选项（A、B）至多五个选项（A、B、C、D、E），题目为不定项选择题，请按照以下格式作答：

【思考过程】：...

【最终答案】：AB / BCE / CD / DE / E / ...（只输出选项的编号，不要写选项内容）

示例：
题目：医疗伦理中四大基本原则是？
A.尊重自主权
B.善意行为
C.无害原则
D.公正原则
E.以上都不是
【思考过程】：本题考查医学伦理的四大基本原则，包括尊重自主权、不伤害原则、行善原则、公正原则。

【最终答案】：ABCD

题目：在抢救生命垂危的患者且无法取得患者及其近亲属意见时，医疗机构可以采取以下哪种操作流程？
A.主治医生直接实施急救措施
B.科室主任签字后立即实施治疗
C.经医疗机构负责人或授权负责人批准后立即实施措施
D.在2名见证人签字前提下实施措施并事后联系家属
【思考过程】：
",C,客观题
805,急危重症处置-05,急危重症处置,"你是一个严格按照要求答题的医学考试考生。请你先展示出完整的思考过程，然后再输出最终答案。每道题目有至少两个选项（A、B）至多五个选项（A、B、C、D、E），题目为不定项选择题，请按照以下格式作答：

【思考过程】：...

【最终答案】：AB / BCE / CD / DE / E / ...（只输出选项的编号，不要写选项内容）

示例：
题目：医疗伦理中四大基本原则是？
A.尊重自主权
B.善意行为
C.无害原则
D.公正原则
E.以上都不是
【思考过程】：本题考查医学伦理的四大基本原则，包括尊重自主权、不伤害原则、行善原则、公正原则。

【最终答案】：ABCD

题目：根据相关法律法规，判断医疗机构是否需要对患者损害承担赔偿责任的主要依据是？
A. 患者的最终治疗效果是否达到预期
B. 医务人员是否遵循了最新的医疗指南
C. 是否在诊疗活动中未尽到与当时医疗水平相应的诊疗义务
D. 医院是否具备高级医疗设备
E. 医务人员的主观意图是否为善意
【思考过程】：
",C,客观题
806,急危重症处置-06,急危重症处置,"你是一个严格按照要求答题的医学考试考生。请你先展示出完整的思考过程，然后再输出最终答案。每道题目有至少两个选项（A、B）至多五个选项（A、B、C、D、E），题目为不定项选择题，请按照以下格式作答：

【思考过程】：...

【最终答案】：AB / BCE / CD / DE / E / ...（只输出选项的编号，不要写选项内容）

示例：
题目：医疗伦理中四大基本原则是？
A.尊重自主权
B.善意行为
C.无害原则
D.公正原则
E.以上都不是
【思考过程】：本题考查医学伦理的四大基本原则，包括尊重自主权、不伤害原则、行善原则、公正原则。

【最终答案】：ABCD

题目：患者在诊疗活动中受到损害时，以下哪些情形可推定医疗机构有过错？
A.未按规定更新患者电子档案
B.拒绝向家属提供患者的病理切片记录
C.医生术中使用了未被行业指南推荐的技术
D.护士误将输液剂量标注错误但未造成实际后果
E.销毁患者住院档案以提高存储空间利用率
【思考过程】：
",BCE,客观题
807,急危重症处置-07,急危重症处置,"你是一个严格按照要求答题的医学考试考生。请你先展示出完整的思考过程，然后再输出最终答案。每道题目有至少两个选项（A、B）至多五个选项（A、B、C、D、E），题目为不定项选择题，请按照以下格式作答：

【思考过程】：...

【最终答案】：AB / BCE / CD / DE / E / ...（只输出选项的编号，不要写选项内容）

示例：
题目：医疗伦理中四大基本原则是？
A.尊重自主权
B.善意行为
C.无害原则
D.公正原则
E.以上都不是
【思考过程】：本题考查医学伦理的四大基本原则，包括尊重自主权、不伤害原则、行善原则、公正原则。

【最终答案】：ABCD

题目：患者因输入不合格血液导致损害，可以向以下哪些主体请求赔偿？
A.药品上市许可持有人
B.血液提供机构
C.医疗器械生产者
D.医疗机构
E.主治医师
【思考过程】：
",BD,客观题
808,急危重症处置-08,急危重症处置,"你是一个严格按照要求答题的医学考试考生。请你先展示出完整的思考过程，然后再输出最终答案。每道题目有至少两个选项（A、B）至多五个选项（A、B、C、D、E），题目为不定项选择题，请按照以下格式作答：

【思考过程】：...

【最终答案】：AB / BCE / CD / DE / E / ...（只输出选项的编号，不要写选项内容）

示例：
题目：医疗伦理中四大基本原则是？
A.尊重自主权
B.善意行为
C.无害原则
D.公正原则
E.以上都不是
【思考过程】：本题考查医学伦理的四大基本原则，包括尊重自主权、不伤害原则、行善原则、公正原则。

【最终答案】：ABCD

题目：下列哪些情形下医疗机构不承担赔偿责任？
A.患者在接受化疗期间擅自服用未经验证的草药导致肝损伤
B.急救医生在心脏骤停患者抢救中因设备故障无法实施电除颤
C.因遗传性罕见病导致误诊而延误治疗时机
D.患者拒绝签署手术同意书后自行离开急诊室
E.医院因节假日导致高级影像检查延迟48小时
【思考过程】：
",ABD,客观题
809,急危重症处置-09,急危重症处置,"你是一个严格按照要求答题的医学考试考生。请你先展示出完整的思考过程，然后再输出最终答案。每道题目有至少两个选项（A、B）至多五个选项（A、B、C、D、E），题目为不定项选择题，请按照以下格式作答：

【思考过程】：...

【最终答案】：AB / BCE / CD / DE / E / ...（只输出选项的编号，不要写选项内容）

示例：
题目：医疗伦理中四大基本原则是？
A.尊重自主权
B.善意行为
C.无害原则
D.公正原则
E.以上都不是
【思考过程】：本题考查医学伦理的四大基本原则，包括尊重自主权、不伤害原则、行善原则、公正原则。

【最终答案】：ABCD

题目：根据急危重症处置相关法规，以下哪些机构或组织被明确要求开展急救培训和普及急救知识？
A.卫生健康主管部门
B.民政部门
C.红十字会
D.教育部门
E.市场监督部门
【思考过程】：
",AC,客观题
810,急危重症处置-10,急危重症处置,"你是一个严格按照要求答题的医学考试考生。请你先展示出完整的思考过程，然后再输出最终答案。每道题目有至少两个选项（A、B）至多五个选项（A、B、C、D、E），题目为不定项选择题，请按照以下格式作答：

【思考过程】：...

【最终答案】：AB / BCE / CD / DE / E / ...（只输出选项的编号，不要写选项内容）

示例：
题目：医疗伦理中四大基本原则是？
A.尊重自主权
B.善意行为
C.无害原则
D.公正原则
E.以上都不是
【思考过程】：本题考查医学伦理的四大基本原则，包括尊重自主权、不伤害原则、行善原则、公正原则。

【最终答案】：ABCD

题目：在急危重症诊疗过程中，以下哪种做法完全符合知情同意伦理原则？
A.医生仅告知患者手术费用的预估金额后实施插管抢救
B.在患者意识清醒时，医务人员详细说明血浆置换的风险并取得其签字同意
C.因患者情绪激动，护士直接联系家属签署麻醉风险知情书后实施镇静
D.患者昏迷且无近亲属在场，经医院伦理委员会批准后实施紧急开颅手术
E.医生告知患者化疗的副作用后，未解释可选的靶向药物方案
【思考过程】：
",BD,客观题
843,基因干细胞诊疗-01,基因干细胞诊疗,"你是一个严格按照要求答题的医学考试考生。请你先展示出完整的思考过程，然后再输出最终答案。每道题目有至少两个选项（A、B）至多五个选项（A、B、C、D、E），题目为不定项选择题，请按照以下格式作答：

【思考过程】：...

【最终答案】：AB / BCE / CD / DE / E / ...（只输出选项的编号，不要写选项内容）

示例：
题目：医疗伦理中四大基本原则是？
A.尊重自主权
B.善意行为
C.无害原则
D.公正原则
E.以上都不是
【思考过程】：本题考查医学伦理的四大基本原则，包括尊重自主权、不伤害原则、行善原则、公正原则。

【最终答案】：ABCD

题目：以下哪种行为违反了完全民事行为能力人关于基因干细胞捐献的相关规定？
A.医生利用职务之便强制患者捐献干细胞
B.机构假冒公益项目名义诱导捐献
C.未经本人同意使用其已捐献的干细胞样本
D.以提供免费旅游机会为条件换取捐献
E.经本人签字确认的无偿捐献协议
【思考过程】：
",ABD,客观题
844,基因干细胞诊疗-02,基因干细胞诊疗,"你是一个严格按照要求答题的医学考试考生。请你先展示出完整的思考过程，然后再输出最终答案。每道题目有至少两个选项（A、B）至多五个选项（A、B、C、D、E），题目为不定项选择题，请按照以下格式作答：

【思考过程】：...

【最终答案】：AB / BCE / CD / DE / E / ...（只输出选项的编号，不要写选项内容）

示例：
题目：医疗伦理中四大基本原则是？
A.尊重自主权
B.善意行为
C.无害原则
D.公正原则
E.以上都不是
【思考过程】：本题考查医学伦理的四大基本原则，包括尊重自主权、不伤害原则、行善原则、公正原则。

【最终答案】：ABCD

题目：以下哪种情形违反了禁止人体细胞、组织买卖的法律规定？
A.经红十字会批准后进行脐带血交易
B.自愿无偿转让皮肤组织用于科研
C.以公益为目的批量购买骨髓干细胞
D.在遗体捐献登记机构办理器官捐献手续
E.某机构宣称补偿营养费获得病人肿瘤标本
【思考过程】：
",E,客观题
845,基因干细胞诊疗-03,基因干细胞诊疗,"你是一个严格按照要求答题的医学考试考生。请你先展示出完整的思考过程，然后再输出最终答案。每道题目有至少两个选项（A、B）至多五个选项（A、B、C、D、E），题目为不定项选择题，请按照以下格式作答：

【思考过程】：...

【最终答案】：AB / BCE / CD / DE / E / ...（只输出选项的编号，不要写选项内容）

示例：
题目：医疗伦理中四大基本原则是？
A.尊重自主权
B.善意行为
C.无害原则
D.公正原则
E.以上都不是
【思考过程】：本题考查医学伦理的四大基本原则，包括尊重自主权、不伤害原则、行善原则、公正原则。

【最终答案】：ABCD

题目：在基因干细胞诊疗中，以下哪种情况下医疗机构需要承担赔偿责任？
A.医务人员在手术中操作失误导致患者损伤
B.患者因自身体质原因出现未预见的排异反应
C.医疗机构未充分告知诊疗风险且患者出现后遗症
D.医疗器械突然故障但医院已定期维护
【思考过程】：
",AC,客观题
846,基因干细胞诊疗-04,基因干细胞诊疗,"你是一个严格按照要求答题的医学考试考生。请你先展示出完整的思考过程，然后再输出最终答案。每道题目有至少两个选项（A、B）至多五个选项（A、B、C、D、E），题目为不定项选择题，请按照以下格式作答：

【思考过程】：...

【最终答案】：AB / BCE / CD / DE / E / ...（只输出选项的编号，不要写选项内容）

示例：
题目：医疗伦理中四大基本原则是？
A.尊重自主权
B.善意行为
C.无害原则
D.公正原则
E.以上都不是
【思考过程】：本题考查医学伦理的四大基本原则，包括尊重自主权、不伤害原则、行善原则、公正原则。

【最终答案】：ABCD

题目：在基因干细胞诊疗中，以下哪些情况符合医务人员应尽的义务？
A.常规诊疗中向患者说明病情和基础医疗措施
B.在实施基因干细胞移植前，向患者详细说明医疗风险和替代治疗方案
C.在患者拒绝听取说明时，无需进一步沟通直接进行治疗
D.患者因昏迷无法知情同意时，向其近亲属说明并取得明确同意
E.对特殊检查仅进行口头告知并获得患者口头默许
【思考过程】：
",ABD,客观题
847,基因干细胞诊疗-05,基因干细胞诊疗,"你是一个严格按照要求答题的医学考试考生。请你先展示出完整的思考过程，然后再输出最终答案。每道题目有至少两个选项（A、B）至多五个选项（A、B、C、D、E），题目为不定项选择题，请按照以下格式作答：

【思考过程】：...

【最终答案】：AB / BCE / CD / DE / E / ...（只输出选项的编号，不要写选项内容）

示例：
题目：医疗伦理中四大基本原则是？
A.尊重自主权
B.善意行为
C.无害原则
D.公正原则
E.以上都不是
【思考过程】：本题考查医学伦理的四大基本原则，包括尊重自主权、不伤害原则、行善原则、公正原则。

【最终答案】：ABCD

题目：在基因干细胞诊疗中，下列哪种情形可能导致医疗机构承担赔偿责任？
A.医务人员因患者无力支付费用而简化诊疗流程
B.医务人员未履行与当时医疗水平相应的诊疗义务
C.诊疗方案与患者宗教信仰冲突但已取得知情同意
D.医疗机构因设备故障导致3小时后才能完成检测
E.医务人员在非紧急情况下采用尚未通过伦理审查的新技术
【思考过程】：
",B,客观题
848,基因干细胞诊疗-06,基因干细胞诊疗,"你是一个严格按照要求答题的医学考试考生。请你先展示出完整的思考过程，然后再输出最终答案。每道题目有至少两个选项（A、B）至多五个选项（A、B、C、D、E），题目为不定项选择题，请按照以下格式作答：

【思考过程】：...

【最终答案】：AB / BCE / CD / DE / E / ...（只输出选项的编号，不要写选项内容）

示例：
题目：医疗伦理中四大基本原则是？
A.尊重自主权
B.善意行为
C.无害原则
D.公正原则
E.以上都不是
【思考过程】：本题考查医学伦理的四大基本原则，包括尊重自主权、不伤害原则、行善原则、公正原则。

【最终答案】：ABCD

题目：患者在基因干细胞诊疗活动中受损害，出现下列哪些情形应推定医疗机构有过错？
A.医务人员未着工作服进行操作
B.机构拒绝提供药物不良反应报告单
C.修改病历增加患者禁忌症记录
D.按医疗废物管理规定销毁过期病历
E.未按卫生部门要求更新诊疗设备
【思考过程】：
",BC,客观题
849,基因干细胞诊疗-07,基因干细胞诊疗,"你是一个严格按照要求答题的医学考试考生。请你先展示出完整的思考过程，然后再输出最终答案。每道题目有至少两个选项（A、B）至多五个选项（A、B、C、D、E），题目为不定项选择题，请按照以下格式作答：

【思考过程】：...

【最终答案】：AB / BCE / CD / DE / E / ...（只输出选项的编号，不要写选项内容）

示例：
题目：医疗伦理中四大基本原则是？
A.尊重自主权
B.善意行为
C.无害原则
D.公正原则
E.以上都不是
【思考过程】：本题考查医学伦理的四大基本原则，包括尊重自主权、不伤害原则、行善原则、公正原则。

【最终答案】：ABCD

题目：在基因干细胞诊疗中，医疗机构在哪些情形下不承担赔偿责任？（多选）
A.医疗机构未告知治疗后可能出现脱发风险
B.医务人员在抢救时实施了合理但并非最佳的诊疗方案
C.患者因宗教信仰拒绝配合标准化治疗流程
D.因医疗设备夜间突发故障导致诊疗失败
E.使用当前未被学术界公认的基因编辑方法导致疗效未达预期
【思考过程】：
",BCE,客观题
850,基因干细胞诊疗-08,基因干细胞诊疗,"你是一个严格按照要求答题的医学考试考生。请你先展示出完整的思考过程，然后再输出最终答案。每道题目有至少两个选项（A、B）至多五个选项（A、B、C、D、E），题目为不定项选择题，请按照以下格式作答：

【思考过程】：...

【最终答案】：AB / BCE / CD / DE / E / ...（只输出选项的编号，不要写选项内容）

示例：
题目：医疗伦理中四大基本原则是？
A.尊重自主权
B.善意行为
C.无害原则
D.公正原则
E.以上都不是
【思考过程】：本题考查医学伦理的四大基本原则，包括尊重自主权、不伤害原则、行善原则、公正原则。

【最终答案】：ABCD

题目：在基因干细胞诊疗中，以下哪种行为可能违反""不实施不必要检查""的医疗伦理规定？
A.对患者进行精准药物基因检测以确定最佳剂量方案
B.在常规基因测序结果正常的情况下，强制追加全外显子组测序
C.连续3周要求重复进行相同诱导多能干细胞功能指标检测
D.根据疑似遗传病史开展针对性基因筛查
【思考过程】：
",BC,客观题
851,基因干细胞诊疗-09,基因干细胞诊疗,"你是一个严格按照要求答题的医学考试考生。请你先展示出完整的思考过程，然后再输出最终答案。每道题目有至少两个选项（A、B）至多五个选项（A、B、C、D、E），题目为不定项选择题，请按照以下格式作答：

【思考过程】：...

【最终答案】：AB / BCE / CD / DE / E / ...（只输出选项的编号，不要写选项内容）

示例：
题目：医疗伦理中四大基本原则是？
A.尊重自主权
B.善意行为
C.无害原则
D.公正原则
E.以上都不是
【思考过程】：本题考查医学伦理的四大基本原则，包括尊重自主权、不伤害原则、行善原则、公正原则。

【最终答案】：ABCD

题目：根据相关法律法规，以下哪种情形需要依法获得批准？
A.境外组织获取我国普通植物种子用于商品贸易
B.境内科研机构利用本地常见动物细胞进行疫苗研发
C.境外个人实际控制的机构采集我国珍贵龟类基因样本
D.我国非政府组织运输大额现金至境外
E.大学实验室保存患者自愿捐赠的普通皮肤细胞
【思考过程】：
",C,客观题
852,基因干细胞诊疗-10,基因干细胞诊疗,"你是一个严格按照要求答题的医学考试考生。请你先展示出完整的思考过程，然后再输出最终答案。每道题目有至少两个选项（A、B）至多五个选项（A、B、C、D、E），题目为不定项选择题，请按照以下格式作答：

【思考过程】：...

【最终答案】：AB / BCE / CD / DE / E / ...（只输出选项的编号，不要写选项内容）

示例：
题目：医疗伦理中四大基本原则是？
A.尊重自主权
B.善意行为
C.无害原则
D.公正原则
E.以上都不是
【思考过程】：本题考查医学伦理的四大基本原则，包括尊重自主权、不伤害原则、行善原则、公正原则。

【最终答案】：ABCD

题目：以下哪种活动不需要经国务院科学技术主管部门批准？
A.采集我国重要遗传家系的人类遗传资源
B.保藏用于临床诊疗的人类遗传资源
C.与国外机构合作开展人类遗传资源研究
D.将人类遗传资源材料携带出境
E.为采供血服务而采集人类遗传资源
【思考过程】：
",BE,客观题
902,数字医疗-01,数字医疗,"你是一个严格按照要求答题的医学考试考生。请你先展示出完整的思考过程，然后再输出最终答案。每道题目有至少两个选项（A、B）至多五个选项（A、B、C、D、E），题目为不定项选择题，请按照以下格式作答：

【思考过程】：...

【最终答案】：AB / BCE / CD / DE / E / ...（只输出选项的编号，不要写选项内容）

示例：
题目：医疗伦理中四大基本原则是？
A.尊重自主权
B.善意行为
C.无害原则
D.公正原则
E.以上都不是
【思考过程】：本题考查医学伦理的四大基本原则，包括尊重自主权、不伤害原则、行善原则、公正原则。

【最终答案】：ABCD

题目：在数字医疗场景中，根据相关法律法规，下列哪种情形不属于组织或个人承担法定救助义务的情形？
A.患者因远程诊断系统故障导致健康数据中断，突发呼吸困难
B.网络药房错误推送过量用药方案导致用户肝肾功能受损
C.未与患者建立医疗关系的路人在公共场所突发心搏骤停
D.AI医疗设备操作员发现用户上传的数据显示其有急性脑卒中风险
【思考过程】：
",C,客观题
903,数字医疗-02,数字医疗,"你是一个严格按照要求答题的医学考试考生。请你先展示出完整的思考过程，然后再输出最终答案。每道题目有至少两个选项（A、B）至多五个选项（A、B、C、D、E），题目为不定项选择题，请按照以下格式作答：

【思考过程】：...

【最终答案】：AB / BCE / CD / DE / E / ...（只输出选项的编号，不要写选项内容）

示例：
题目：医疗伦理中四大基本原则是？
A.尊重自主权
B.善意行为
C.无害原则
D.公正原则
E.以上都不是
【思考过程】：本题考查医学伦理的四大基本原则，包括尊重自主权、不伤害原则、行善原则、公正原则。

【最终答案】：ABCD

题目：某自然人生前未反对器官捐献，其去世后，配偶与父母达成一致但无法联系成年子女。以下哪种处理方式符合相关规定？
A.配偶、父母、成年子女共同书面同意捐献
B.配偶和父母书面同意捐献不需联系成年子女
C.配偶、父母、成年子女口头同意捐献
D.医院直接按家属意愿处理无需书面材料
E.医生暗示捐献可获取经济补偿以促成决定
【思考过程】：
",A,客观题
904,数字医疗-03,数字医疗,"你是一个严格按照要求答题的医学考试考生。请你先展示出完整的思考过程，然后再输出最终答案。每道题目有至少两个选项（A、B）至多五个选项（A、B、C、D、E），题目为不定项选择题，请按照以下格式作答：

【思考过程】：...

【最终答案】：AB / BCE / CD / DE / E / ...（只输出选项的编号，不要写选项内容）

示例：
题目：医疗伦理中四大基本原则是？
A.尊重自主权
B.善意行为
C.无害原则
D.公正原则
E.以上都不是
【思考过程】：本题考查医学伦理的四大基本原则，包括尊重自主权、不伤害原则、行善原则、公正原则。

【最终答案】：ABCD

题目：以下哪种行为不属于违反《禁止买卖人体细胞组织器官相关规定》的情形？
A.私自出售个人存储的亲属遗体器官
B.通过合法机构接收科研捐赠的人体组织样本
C.以研究名义收购活体干细胞
D.医院间共享未使用的人造骨骼假体材料
【思考过程】：
",BD,客观题
905,数字医疗-04,数字医疗,"你是一个严格按照要求答题的医学考试考生。请你先展示出完整的思考过程，然后再输出最终答案。每道题目有至少两个选项（A、B）至多五个选项（A、B、C、D、E），题目为不定项选择题，请按照以下格式作答：

【思考过程】：...

【最终答案】：AB / BCE / CD / DE / E / ...（只输出选项的编号，不要写选项内容）

示例：
题目：医疗伦理中四大基本原则是？
A.尊重自主权
B.善意行为
C.无害原则
D.公正原则
E.以上都不是
【思考过程】：本题考查医学伦理的四大基本原则，包括尊重自主权、不伤害原则、行善原则、公正原则。

【最终答案】：ABCD

题目：在数字医疗领域进行新型诊疗算法临床试验时，以下哪些行为符合我国相关法规要求？
A.获得主管部门批文但未完成伦理审查即开展试验
B.向受试者收取设备使用费
C.将试验风险概要告知受试者后仅取得口头同意
D.向受试者监护人说明全部风险并取得书面签字
E.使用获批资金覆盖全部试验成本
【思考过程】：
",DE,客观题
906,数字医疗-05,数字医疗,"你是一个严格按照要求答题的医学考试考生。请你先展示出完整的思考过程，然后再输出最终答案。每道题目有至少两个选项（A、B）至多五个选项（A、B、C、D、E），题目为不定项选择题，请按照以下格式作答：

【思考过程】：...

【最终答案】：AB / BCE / CD / DE / E / ...（只输出选项的编号，不要写选项内容）

示例：
题目：医疗伦理中四大基本原则是？
A.尊重自主权
B.善意行为
C.无害原则
D.公正原则
E.以上都不是
【思考过程】：本题考查医学伦理的四大基本原则，包括尊重自主权、不伤害原则、行善原则、公正原则。

【最终答案】：ABCD

题目：以下哪种情形违反了与人体基因、人体胚胎相关医学活动的法律规定？
A.研究导致实验志愿者肝功能异常
B.将基因编辑数据非法售卖给境外机构
C.公开胚胎来源研究对象的个人隐私
D.未经申请专利直接公开新技术方案
【思考过程】：
",ABC,客观题
907,数字医疗-06,数字医疗,"你是一个严格按照要求答题的医学考试考生。请你先展示出完整的思考过程，然后再输出最终答案。每道题目有至少两个选项（A、B）至多五个选项（A、B、C、D、E），题目为不定项选择题，请按照以下格式作答：

【思考过程】：...

【最终答案】：AB / BCE / CD / DE / E / ...（只输出选项的编号，不要写选项内容）

示例：
题目：医疗伦理中四大基本原则是？
A.尊重自主权
B.善意行为
C.无害原则
D.公正原则
E.以上都不是
【思考过程】：本题考查医学伦理的四大基本原则，包括尊重自主权、不伤害原则、行善原则、公正原则。

【最终答案】：ABCD

题目：在数字医疗诊疗活动中，若因医务人员过错导致患者损害，赔偿责任应如何承担？
A.由涉事医务人员个人承担
B.由医疗机构和涉事医务人员共同承担
C.由医疗机构承担全部责任
D.无需赔偿
【思考过程】：
",C,客观题
908,数字医疗-07,数字医疗,"你是一个严格按照要求答题的医学考试考生。请你先展示出完整的思考过程，然后再输出最终答案。每道题目有至少两个选项（A、B）至多五个选项（A、B、C、D、E），题目为不定项选择题，请按照以下格式作答：

【思考过程】：...

【最终答案】：AB / BCE / CD / DE / E / ...（只输出选项的编号，不要写选项内容）

示例：
题目：医疗伦理中四大基本原则是？
A.尊重自主权
B.善意行为
C.无害原则
D.公正原则
E.以上都不是
【思考过程】：本题考查医学伦理的四大基本原则，包括尊重自主权、不伤害原则、行善原则、公正原则。

【最终答案】：ABCD

题目：在数字医疗场景下，医务人员需要实施手术时，以下哪种情况属于其必须向患者说明的内容？
A.病情诊断的基本结论
B.医疗风险的具体细节
C.替代医疗方案的可行性
D.治疗费用的精确预估
E.个人从业经验及手术成功率
【思考过程】：
",BC,客观题
909,数字医疗-08,数字医疗,"你是一个严格按照要求答题的医学考试考生。请你先展示出完整的思考过程，然后再输出最终答案。每道题目有至少两个选项（A、B）至多五个选项（A、B、C、D、E），题目为不定项选择题，请按照以下格式作答：

【思考过程】：...

【最终答案】：AB / BCE / CD / DE / E / ...（只输出选项的编号，不要写选项内容）

示例：
题目：医疗伦理中四大基本原则是？
A.尊重自主权
B.善意行为
C.无害原则
D.公正原则
E.以上都不是
【思考过程】：本题考查医学伦理的四大基本原则，包括尊重自主权、不伤害原则、行善原则、公正原则。

【最终答案】：ABCD

题目：以下哪种情况符合紧急医疗措施实施的法律规定？
A.患者经济困难拒绝付费，未获家属签字即实施手術
B.患者昏迷但未达生命危险，主治医生未经请示使用实验性药物
C.家属拒绝签字但患者意识清醒，医务科主任批准进行介入治疗
D.因爆炸烧伤生命垂危且亲属失联，经院长批准立即实施气管切开
E.患者曾口头同意手术，但近亲属阻止抢救，急诊值班组长当机立断开展救治
【思考过程】：
",D,客观题
910,数字医疗-09,数字医疗,"你是一个严格按照要求答题的医学考试考生。请你先展示出完整的思考过程，然后再输出最终答案。每道题目有至少两个选项（A、B）至多五个选项（A、B、C、D、E），题目为不定项选择题，请按照以下格式作答：

【思考过程】：...

【最终答案】：AB / BCE / CD / DE / E / ...（只输出选项的编号，不要写选项内容）

示例：
题目：医疗伦理中四大基本原则是？
A.尊重自主权
B.善意行为
C.无害原则
D.公正原则
E.以上都不是
【思考过程】：本题考查医学伦理的四大基本原则，包括尊重自主权、不伤害原则、行善原则、公正原则。

【最终答案】：ABCD

题目：在数字医疗诊疗活动中，以下哪种情形可能被认定为医务人员未尽到与当时医疗水平相应的诊疗义务？
A.按三年前发布的行业标准实施诊疗造成损害
B.因未采纳临床试验阶段的AI预测模型而误诊
C.未接入最新上市的远程监测设备延误治疗
D.未向患者推荐尚未纳入医保目录的数字疗法工具
【思考过程】：
",A,客观题
911,数字医疗-10,数字医疗,"你是一个严格按照要求答题的医学考试考生。请你先展示出完整的思考过程，然后再输出最终答案。每道题目有至少两个选项（A、B）至多五个选项（A、B、C、D、E），题目为不定项选择题，请按照以下格式作答：

【思考过程】：...

【最终答案】：AB / BCE / CD / DE / E / ...（只输出选项的编号，不要写选项内容）

示例：
题目：医疗伦理中四大基本原则是？
A.尊重自主权
B.善意行为
C.无害原则
D.公正原则
E.以上都不是
【思考过程】：本题考查医学伦理的四大基本原则，包括尊重自主权、不伤害原则、行善原则、公正原则。

【最终答案】：ABCD

题目：患者在数字医疗诊疗活动中出现损害，以下哪种情形可直接推定医疗机构有过错？
A.医疗机构违反诊疗规范的规定
B.隐匿与纠纷有关的病历资料
C.未及时更新5G远程医疗设备
D.销毁病历资料违法
E.未向患者解释手术风险
【思考过程】：
",ABD,客观题
959,安宁疗护-01,安宁疗护,"你是一个严格按照要求答题的医学考试考生。请你先展示出完整的思考过程，然后再输出最终答案。每道题目有至少两个选项（A、B）至多五个选项（A、B、C、D、E），题目为不定项选择题，请按照以下格式作答：

【思考过程】：...

【最终答案】：AB / BCE / CD / DE / E / ...（只输出选项的编号，不要写选项内容）

示例：
题目：医疗伦理中四大基本原则是？
A.尊重自主权
B.善意行为
C.无害原则
D.公正原则
E.以上都不是
【思考过程】：本题考查医学伦理的四大基本原则，包括尊重自主权、不伤害原则、行善原则、公正原则。

【最终答案】：ABCD

题目：在安宁疗护医疗场景中，以下哪种情况医疗卫生人员必须依法取得患者或其近亲属的知情同意？
A.实施镇痛性脊髓电刺激手术
B.开展每周常规血压监测
C.使用新型镇痛药物开展临床效果研究
D.进行终末期生命体征的特殊检查
E.在患者意识清醒时向近亲属说明替代医疗方案
【思考过程】：
",ACD,客观题
960,安宁疗护-02,安宁疗护,"你是一个严格按照要求答题的医学考试考生。请你先展示出完整的思考过程，然后再输出最终答案。每道题目有至少两个选项（A、B）至多五个选项（A、B、C、D、E），题目为不定项选择题，请按照以下格式作答：

【思考过程】：...

【最终答案】：AB / BCE / CD / DE / E / ...（只输出选项的编号，不要写选项内容）

示例：
题目：医疗伦理中四大基本原则是？
A.尊重自主权
B.善意行为
C.无害原则
D.公正原则
E.以上都不是
【思考过程】：本题考查医学伦理的四大基本原则，包括尊重自主权、不伤害原则、行善原则、公正原则。

【最终答案】：ABCD

题目：在安宁疗护中，以下哪两项属于患者的权利义务范畴？
A.医疗机构可以强制要求患者接受特定治疗
B.患者的隐私权和人格尊严应被保护
C.患者需遵守医疗卫生机构制定的诊疗秩序
D.医务人员可未经许可公开患者病情信息
E.患者可拒绝接受所有医疗建议
【思考过程】：
",BC,客观题
961,安宁疗护-03,安宁疗护,"你是一个严格按照要求答题的医学考试考生。请你先展示出完整的思考过程，然后再输出最终答案。每道题目有至少两个选项（A、B）至多五个选项（A、B、C、D、E），题目为不定项选择题，请按照以下格式作答：

【思考过程】：...

【最终答案】：AB / BCE / CD / DE / E / ...（只输出选项的编号，不要写选项内容）

示例：
题目：医疗伦理中四大基本原则是？
A.尊重自主权
B.善意行为
C.无害原则
D.公正原则
E.以上都不是
【思考过程】：本题考查医学伦理的四大基本原则，包括尊重自主权、不伤害原则、行善原则、公正原则。

【最终答案】：ABCD

题目：医疗卫生机构开展安宁疗护服务时，需要遵守以下哪些规范性文件？
A.临床诊疗指南
B.医院内部操作惯例
C.临床技术操作规范
D.行业标准
E.家属特殊书面要求
【思考过程】：
",ACD,客观题
962,安宁疗护-04,安宁疗护,"你是一个严格按照要求答题的医学考试考生。请你先展示出完整的思考过程，然后再输出最终答案。每道题目有至少两个选项（A、B）至多五个选项（A、B、C、D、E），题目为不定项选择题，请按照以下格式作答：

【思考过程】：...

【最终答案】：AB / BCE / CD / DE / E / ...（只输出选项的编号，不要写选项内容）

示例：
题目：医疗伦理中四大基本原则是？
A.尊重自主权
B.善意行为
C.无害原则
D.公正原则
E.以上都不是
【思考过程】：本题考查医学伦理的四大基本原则，包括尊重自主权、不伤害原则、行善原则、公正原则。

【最终答案】：ABCD

题目：在安宁疗护中，以下哪些行为属于医疗卫生人员的禁止行为？
A. 对患者实施不必要的检查以增加收入
B. 根据患者病情调整药物剂量以减轻痛苦
C. 在接受患者家属自愿赠与后优先安排诊疗服务
D. 严格按照临床诊疗技术规范制定治疗方案
E. 在患者无法支付费用时拒绝继续提供基本医疗服务
【思考过程】：
",AC,客观题
963,安宁疗护-05,安宁疗护,"你是一个严格按照要求答题的医学考试考生。请你先展示出完整的思考过程，然后再输出最终答案。每道题目有至少两个选项（A、B）至多五个选项（A、B、C、D、E），题目为不定项选择题，请按照以下格式作答：

【思考过程】：...

【最终答案】：AB / BCE / CD / DE / E / ...（只输出选项的编号，不要写选项内容）

示例：
题目：医疗伦理中四大基本原则是？
A.尊重自主权
B.善意行为
C.无害原则
D.公正原则
E.以上都不是
【思考过程】：本题考查医学伦理的四大基本原则，包括尊重自主权、不伤害原则、行善原则、公正原则。

【最终答案】：ABCD

题目：以下哪些行为违反了医疗卫生人员权益保护的相关规定？
A.向主治医师发送匿名恐吓邮件
B.多次在工作时间外致电护士站咨询病情
C.以虚假信息在社交媒体上诋毁医师专业声誉
D.要求医师自愿代班完成额外诊疗工作
E.患者家属因不满疗效在候诊区静坐抗议
【思考过程】：
",AC,客观题
964,安宁疗护-06,安宁疗护,"你是一个严格按照要求答题的医学考试考生。请你先展示出完整的思考过程，然后再输出最终答案。每道题目有至少两个选项（A、B）至多五个选项（A、B、C、D、E），题目为不定项选择题，请按照以下格式作答：

【思考过程】：...

【最终答案】：AB / BCE / CD / DE / E / ...（只输出选项的编号，不要写选项内容）

示例：
题目：医疗伦理中四大基本原则是？
A.尊重自主权
B.善意行为
C.无害原则
D.公正原则
E.以上都不是
【思考过程】：本题考查医学伦理的四大基本原则，包括尊重自主权、不伤害原则、行善原则、公正原则。

【最终答案】：ABCD

题目：以下哪个处理公民个人健康信息的行为是合法的？
A.未经本人同意收集肿瘤病史信息
B.向保险公司出售患者临终关怀记录
C.将老年痴呆患者的病历传输给商业机构
D.取得授权后用于多中心安宁疗护研究
E.经配偶同意后出售患者健康数据
【思考过程】：
",D,客观题
965,安宁疗护-07,安宁疗护,"你是一个严格按照要求答题的医学考试考生。请你先展示出完整的思考过程，然后再输出最终答案。每道题目有至少两个选项（A、B）至多五个选项（A、B、C、D、E），题目为不定项选择题，请按照以下格式作答：

【思考过程】：...

【最终答案】：AB / BCE / CD / DE / E / ...（只输出选项的编号，不要写选项内容）

示例：
题目：医疗伦理中四大基本原则是？
A.尊重自主权
B.善意行为
C.无害原则
D.公正原则
E.以上都不是
【思考过程】：本题考查医学伦理的四大基本原则，包括尊重自主权、不伤害原则、行善原则、公正原则。

【最终答案】：ABCD

题目：以下关于安宁疗护机构违法行为的罚款倍数组合，哪一个是正确的？
A.无证执业处15-20倍罚款；伪造证件处5-15倍罚款
B.无证执业处5-20倍罚款；伪造证件处5-15倍罚款
C.无证执业处5-10倍罚款；伪造证件处10-20倍罚款
D.无证执业处10-25倍罚款；伪造证件处5-10倍罚款
【思考过程】：
",B,客观题
966,安宁疗护-08,安宁疗护,"你是一个严格按照要求答题的医学考试考生。请你先展示出完整的思考过程，然后再输出最终答案。每道题目有至少两个选项（A、B）至多五个选项（A、B、C、D、E），题目为不定项选择题，请按照以下格式作答：

【思考过程】：...

【最终答案】：AB / BCE / CD / DE / E / ...（只输出选项的编号，不要写选项内容）

示例：
题目：医疗伦理中四大基本原则是？
A.尊重自主权
B.善意行为
C.无害原则
D.公正原则
E.以上都不是
【思考过程】：本题考查医学伦理的四大基本原则，包括尊重自主权、不伤害原则、行善原则、公正原则。

【最终答案】：ABCD

题目：以下哪些行为违反了医疗卫生机构的管理规定？
A.公立医院与外资企业共同投资设立独立法人资格的康复中心
B.政府办的医院与民营企业合作设立非独立法人资格的诊所
C.三甲医院将后勤清洁服务外包给第三方公司
D.非营利性医疗机构通过高薪聘请举办者亲属变相分配收益
E.非营利性私立医院将年度盈余分配给投资者
【思考过程】：
",BDE,客观题
967,安宁疗护-09,安宁疗护,"你是一个严格按照要求答题的医学考试考生。请你先展示出完整的思考过程，然后再输出最终答案。每道题目有至少两个选项（A、B）至多五个选项（A、B、C、D、E），题目为不定项选择题，请按照以下格式作答：

【思考过程】：...

【最终答案】：AB / BCE / CD / DE / E / ...（只输出选项的编号，不要写选项内容）

示例：
题目：医疗伦理中四大基本原则是？
A.尊重自主权
B.善意行为
C.无害原则
D.公正原则
E.以上都不是
【思考过程】：本题考查医学伦理的四大基本原则，包括尊重自主权、不伤害原则、行善原则、公正原则。

【最终答案】：ABCD

题目：某医院因安宁疗护病区医疗信息安全制度不健全导致患者信息泄露，根据相关法规，卫生健康主管部门可对其处以多少金额的罚款？
A.五千元以上三万元以下
B.一万元以上三万元以下
C.一万元以上五万元以下
D.没收违法所得并处十万元以下罚款
E.责令停业整顿
【思考过程】：
",C,客观题
968,安宁疗护-10,安宁疗护,"你是一个严格按照要求答题的医学考试考生。请你先展示出完整的思考过程，然后再输出最终答案。每道题目有至少两个选项（A、B）至多五个选项（A、B、C、D、E），题目为不定项选择题，请按照以下格式作答：

【思考过程】：...

【最终答案】：AB / BCE / CD / DE / E / ...（只输出选项的编号，不要写选项内容）

示例：
题目：医疗伦理中四大基本原则是？
A.尊重自主权
B.善意行为
C.无害原则
D.公正原则
E.以上都不是
【思考过程】：本题考查医学伦理的四大基本原则，包括尊重自主权、不伤害原则、行善原则、公正原则。

【最终答案】：ABCD

题目：在安宁疗护服务中，医疗卫生人员的下列哪些行为可能面临行政处罚？
A.向患者家属暗示需要礼品才优先安排护理服务
B.将患者病情细节上传至社交平台
C.开展新型镇痛疗法研究时未向伦理委员会申报
D.擅自将家属签字的手术同意书销毁
E.未取得患者同意即进行高风险生命维持操作
【思考过程】：
",ABC,客观题
1036,公共卫生资源分配-01,公共卫生资源分配,"你是一个严格按照要求答题的医学考试考生。请你先展示出完整的思考过程，然后再输出最终答案。每道题目有至少两个选项（A、B）至多五个选项（A、B、C、D、E），题目为不定项选择题，请按照以下格式作答：

【思考过程】：...

【最终答案】：AB / BCE / CD / DE / E / ...（只输出选项的编号，不要写选项内容）

示例：
题目：医疗伦理中四大基本原则是？
A.尊重自主权
B.善意行为
C.无害原则
D.公正原则
E.以上都不是
【思考过程】：本题考查医学伦理的四大基本原则，包括尊重自主权、不伤害原则、行善原则、公正原则。

【最终答案】：ABCD

题目：在国家采取的公共卫生服务措施中，以下哪些属于法规明确提及的内容？
A.免费提供新生儿基因编辑服务
B.为公民提供婚前保健服务
C.预防新生儿出生缺陷
D.对先天畸形患儿进行免费手术治疗
E.开展儿童学前教育指导
【思考过程】：
",BC,客观题
1037,公共卫生资源分配-02,公共卫生资源分配,"你是一个严格按照要求答题的医学考试考生。请你先展示出完整的思考过程，然后再输出最终答案。每道题目有至少两个选项（A、B）至多五个选项（A、B、C、D、E），题目为不定项选择题，请按照以下格式作答：

【思考过程】：...

【最终答案】：AB / BCE / CD / DE / E / ...（只输出选项的编号，不要写选项内容）

示例：
题目：医疗伦理中四大基本原则是？
A.尊重自主权
B.善意行为
C.无害原则
D.公正原则
E.以上都不是
【思考过程】：本题考查医学伦理的四大基本原则，包括尊重自主权、不伤害原则、行善原则、公正原则。

【最终答案】：ABCD

题目：以下哪些政策被纳入基本公共卫生服务项目中？
A.老年人健康管理
B.老年人常见病预防
C.老年人慢性病治疗
D.老年人体检费用减免
E.老年重症监护服务
【思考过程】：
",AB,客观题
1038,公共卫生资源分配-03,公共卫生资源分配,"你是一个严格按照要求答题的医学考试考生。请你先展示出完整的思考过程，然后再输出最终答案。每道题目有至少两个选项（A、B）至多五个选项（A、B、C、D、E），题目为不定项选择题，请按照以下格式作答：

【思考过程】：...

【最终答案】：AB / BCE / CD / DE / E / ...（只输出选项的编号，不要写选项内容）

示例：
题目：医疗伦理中四大基本原则是？
A.尊重自主权
B.善意行为
C.无害原则
D.公正原则
E.以上都不是
【思考过程】：本题考查医学伦理的四大基本原则，包括尊重自主权、不伤害原则、行善原则、公正原则。

【最终答案】：ABCD

题目：国家关于残疾人的健康保障措施中，以下哪些属于法律明确规定的责任？（多选）
A.发展残疾预防体系
B.完善无障碍设施建设
C.提供基本康复服务
D.减免残疾人医疗费用
E.建立残疾人康复保障体系
【思考过程】：
",ACE,客观题
1039,公共卫生资源分配-04,公共卫生资源分配,"你是一个严格按照要求答题的医学考试考生。请你先展示出完整的思考过程，然后再输出最终答案。每道题目有至少两个选项（A、B）至多五个选项（A、B、C、D、E），题目为不定项选择题，请按照以下格式作答：

【思考过程】：...

【最终答案】：AB / BCE / CD / DE / E / ...（只输出选项的编号，不要写选项内容）

示例：
题目：医疗伦理中四大基本原则是？
A.尊重自主权
B.善意行为
C.无害原则
D.公正原则
E.以上都不是
【思考过程】：本题考查医学伦理的四大基本原则，包括尊重自主权、不伤害原则、行善原则、公正原则。

【最终答案】：ABCD

题目：以下哪些属于政府举办医疗卫生机构时应考虑的因素？
A.本行政区域人口数量
B.公民平均收入水平
C.健康危险因素
D.治愈率
E.紧急救治需求
【思考过程】：
",ACE,客观题
1040,公共卫生资源分配-05,公共卫生资源分配,"你是一个严格按照要求答题的医学考试考生。请你先展示出完整的思考过程，然后再输出最终答案。每道题目有至少两个选项（A、B）至多五个选项（A、B、C、D、E），题目为不定项选择题，请按照以下格式作答：

【思考过程】：...

【最终答案】：AB / BCE / CD / DE / E / ...（只输出选项的编号，不要写选项内容）

示例：
题目：医疗伦理中四大基本原则是？
A.尊重自主权
B.善意行为
C.无害原则
D.公正原则
E.以上都不是
【思考过程】：本题考查医学伦理的四大基本原则，包括尊重自主权、不伤害原则、行善原则、公正原则。

【最终答案】：ABCD

题目：以下哪个部门负责制定各级各类医疗卫生机构的具体条件和配置标准？
A.国务院卫生健康主管部门
B.省级卫生健康委员会
C.医疗机构自行制定
D.地方政府卫生行政机构
【思考过程】：
",A,客观题
1041,公共卫生资源分配-06,公共卫生资源分配,"你是一个严格按照要求答题的医学考试考生。请你先展示出完整的思考过程，然后再输出最终答案。每道题目有至少两个选项（A、B）至多五个选项（A、B、C、D、E），题目为不定项选择题，请按照以下格式作答：

【思考过程】：...

【最终答案】：AB / BCE / CD / DE / E / ...（只输出选项的编号，不要写选项内容）

示例：
题目：医疗伦理中四大基本原则是？
A.尊重自主权
B.善意行为
C.无害原则
D.公正原则
E.以上都不是
【思考过程】：本题考查医学伦理的四大基本原则，包括尊重自主权、不伤害原则、行善原则、公正原则。

【最终答案】：ABCD

题目：以下哪些行为被相关法规明确禁止？
A.营利性医院将医疗美容科外包给私立机构
B.非营利性医疗机构向举办者分配收益
C.使用政府资金设立的医院对外承包检验科
D.非营利机构从年度利润中提取分红用于股东分红
【思考过程】：
",BCD,客观题
1042,公共卫生资源分配-07,公共卫生资源分配,"你是一个严格按照要求答题的医学考试考生。请你先展示出完整的思考过程，然后再输出最终答案。每道题目有至少两个选项（A、B）至多五个选项（A、B、C、D、E），题目为不定项选择题，请按照以下格式作答：

【思考过程】：...

【最终答案】：AB / BCE / CD / DE / E / ...（只输出选项的编号，不要写选项内容）

示例：
题目：医疗伦理中四大基本原则是？
A.尊重自主权
B.善意行为
C.无害原则
D.公正原则
E.以上都不是
【思考过程】：本题考查医学伦理的四大基本原则，包括尊重自主权、不伤害原则、行善原则、公正原则。

【最终答案】：ABCD

题目：以下哪项做法违背我国现行医疗卫生机构管理规定？
A.与私立学校合作设立独立法人资格的职业健康咨询中心
B.与医疗器械企业共建非独立法人资格的康复中心
C.与社会资本合办高端口腔美容医院（营利性）
D.联合慈善基金会开设非营利性社区诊所
E.与其他公立医院合建区域医疗数据平台
【思考过程】：
",BC,客观题
1043,公共卫生资源分配-08,公共卫生资源分配,"你是一个严格按照要求答题的医学考试考生。请你先展示出完整的思考过程，然后再输出最终答案。每道题目有至少两个选项（A、B）至多五个选项（A、B、C、D、E），题目为不定项选择题，请按照以下格式作答：

【思考过程】：...

【最终答案】：AB / BCE / CD / DE / E / ...（只输出选项的编号，不要写选项内容）

示例：
题目：医疗伦理中四大基本原则是？
A.尊重自主权
B.善意行为
C.无害原则
D.公正原则
E.以上都不是
【思考过程】：本题考查医学伦理的四大基本原则，包括尊重自主权、不伤害原则、行善原则、公正原则。

【最终答案】：ABCD

题目：医疗卫生机构开展技术临床应用时，以下哪项不属于必须遵循的原则？
A.安全原则
B.高效原则
C.规范原则
D.经济原则
E.伦理原则
【思考过程】：
",B,客观题
1044,公共卫生资源分配-09,公共卫生资源分配,"你是一个严格按照要求答题的医学考试考生。请你先展示出完整的思考过程，然后再输出最终答案。每道题目有至少两个选项（A、B）至多五个选项（A、B、C、D、E），题目为不定项选择题，请按照以下格式作答：

【思考过程】：...

【最终答案】：AB / BCE / CD / DE / E / ...（只输出选项的编号，不要写选项内容）

示例：
题目：医疗伦理中四大基本原则是？
A.尊重自主权
B.善意行为
C.无害原则
D.公正原则
E.以上都不是
【思考过程】：本题考查医学伦理的四大基本原则，包括尊重自主权、不伤害原则、行善原则、公正原则。

【最终答案】：ABCD

题目：在突发事件处置中，对致病、致残、死亡的参与人员，依法可给予哪些待遇？
A.工伤保险补偿
B.抚恤金
C.烈士荣誉称号
D.医疗保险费用全免
E.优先晋升机会
【思考过程】：
",AB,客观题
1045,公共卫生资源分配-10,公共卫生资源分配,"你是一个严格按照要求答题的医学考试考生。请你先展示出完整的思考过程，然后再输出最终答案。每道题目有至少两个选项（A、B）至多五个选项（A、B、C、D、E），题目为不定项选择题，请按照以下格式作答：

【思考过程】：...

【最终答案】：AB / BCE / CD / DE / E / ...（只输出选项的编号，不要写选项内容）

示例：
题目：医疗伦理中四大基本原则是？
A.尊重自主权
B.善意行为
C.无害原则
D.公正原则
E.以上都不是
【思考过程】：本题考查医学伦理的四大基本原则，包括尊重自主权、不伤害原则、行善原则、公正原则。

【最终答案】：ABCD

题目：在药品采购投标过程中，以下哪种行为是被药械采购法规明确禁止的？
A.以略低于市场价但高于成本的报价竞标，B.与另一投标企业协商共同提高中标机会，C.提交生产许可证复印件时隐去有效期，D.因生产能力过剩而扩大生产规模，E.短期内多次降价以吸引采购方
【思考过程】：
",BC,客观题
1094,人体试验-01,人体试验,"你是一个严格按照要求答题的医学考试考生。请你先展示出完整的思考过程，然后再输出最终答案。每道题目有至少两个选项（A、B）至多五个选项（A、B、C、D、E），题目为不定项选择题，请按照以下格式作答：

【思考过程】：...

【最终答案】：AB / BCE / CD / DE / E / ...（只输出选项的编号，不要写选项内容）

示例：
题目：医疗伦理中四大基本原则是？
A.尊重自主权
B.善意行为
C.无害原则
D.公正原则
E.以上都不是
【思考过程】：本题考查医学伦理的四大基本原则，包括尊重自主权、不伤害原则、行善原则、公正原则。

【最终答案】：ABCD

题目：以下哪项违反了有关人体试验的规定？
A.使用只获得主管部门口头许可的试验方案
B.在监护人反对的情况下继续开展未成年人受试者参与的研究
C.将经伦理委员会通过的癌症新药临床试验仅向受试者发送电子邮件说明风险
D.要求受试者承担50%的试验耗材费用
【思考过程】：
",ACD,客观题
1095,人体试验-02,人体试验,"你是一个严格按照要求答题的医学考试考生。请你先展示出完整的思考过程，然后再输出最终答案。每道题目有至少两个选项（A、B）至多五个选项（A、B、C、D、E），题目为不定项选择题，请按照以下格式作答：

【思考过程】：...

【最终答案】：AB / BCE / CD / DE / E / ...（只输出选项的编号，不要写选项内容）

示例：
题目：医疗伦理中四大基本原则是？
A.尊重自主权
B.善意行为
C.无害原则
D.公正原则
E.以上都不是
【思考过程】：本题考查医学伦理的四大基本原则，包括尊重自主权、不伤害原则、行善原则、公正原则。

【最终答案】：ABCD

题目：以下哪些行为是从事与人体基因、人体胚胎相关的医学研究时被明确禁止的？
A.在研究过程中向参与者隐瞒部分实验风险
B.开展违背伦理道德的研究方案
C.为加快科研进度暂时忽略安全监测措施
D.将研究成果用于损害公共利益的商业活动
E.违反地方行政规章扩大实验范围
【思考过程】：
",BCD,客观题
1096,人体试验-03,人体试验,"你是一个严格按照要求答题的医学考试考生。请你先展示出完整的思考过程，然后再输出最终答案。每道题目有至少两个选项（A、B）至多五个选项（A、B、C、D、E），题目为不定项选择题，请按照以下格式作答：

【思考过程】：...

【最终答案】：AB / BCE / CD / DE / E / ...（只输出选项的编号，不要写选项内容）

示例：
题目：医疗伦理中四大基本原则是？
A.尊重自主权
B.善意行为
C.无害原则
D.公正原则
E.以上都不是
【思考过程】：本题考查医学伦理的四大基本原则，包括尊重自主权、不伤害原则、行善原则、公正原则。

【最终答案】：ABCD

题目：以下哪些条件属于我国对医疗卫生技术临床应用实行严格管理的依据？
A.技术应用广泛且收益显著
B.技术难度大且医疗风险高
C.服务能力要求较高
D.人员专业技术水平要求较高
E.患者经济承受能力不足
【思考过程】：
",BD,客观题
1097,人体试验-04,人体试验,"你是一个严格按照要求答题的医学考试考生。请你先展示出完整的思考过程，然后再输出最终答案。每道题目有至少两个选项（A、B）至多五个选项（A、B、C、D、E），题目为不定项选择题，请按照以下格式作答：

【思考过程】：...

【最终答案】：AB / BCE / CD / DE / E / ...（只输出选项的编号，不要写选项内容）

示例：
题目：医疗伦理中四大基本原则是？
A.尊重自主权
B.善意行为
C.无害原则
D.公正原则
E.以上都不是
【思考过程】：本题考查医学伦理的四大基本原则，包括尊重自主权、不伤害原则、行善原则、公正原则。

【最终答案】：ABCD

题目：以下哪些行为会导致医疗卫生人员被县级以上卫生健康主管部门行政处罚？
A.在医学研究中收受赞助商的贵重礼物
B.未经许可向药企提供患者的血型数据
C.详细告知患者临床试验所有可能风险但未签字确认
D.拒绝修改伦理审查结论以满足企业需求
E.使用人工智能算法预测治疗效果未获得单独授权
【思考过程】：
",ABCE,客观题
1098,人体试验-05,人体试验,"你是一个严格按照要求答题的医学考试考生。请你先展示出完整的思考过程，然后再输出最终答案。每道题目有至少两个选项（A、B）至多五个选项（A、B、C、D、E），题目为不定项选择题，请按照以下格式作答：

【思考过程】：...

【最终答案】：AB / BCE / CD / DE / E / ...（只输出选项的编号，不要写选项内容）

示例：
题目：医疗伦理中四大基本原则是？
A.尊重自主权
B.善意行为
C.无害原则
D.公正原则
E.以上都不是
【思考过程】：本题考查医学伦理的四大基本原则，包括尊重自主权、不伤害原则、行善原则、公正原则。

【最终答案】：ABCD

题目：以下哪些科学技术研究开发和应用活动被明确禁止？
A.造成重大经济损失的技术产业化应用
B.危害国家安全的人工智能军事研究
C.短期内影响部分受试者健康的药物试验
D.违背科研诚信的临床试验数据篡改
E.损害社会公共利益的基因编辑技术开发
【思考过程】：
",BDE,客观题
1099,人体试验-06,人体试验,"你是一个严格按照要求答题的医学考试考生。请你先展示出完整的思考过程，然后再输出最终答案。每道题目有至少两个选项（A、B）至多五个选项（A、B、C、D、E），题目为不定项选择题，请按照以下格式作答：

【思考过程】：...

【最终答案】：AB / BCE / CD / DE / E / ...（只输出选项的编号，不要写选项内容）

示例：
题目：医疗伦理中四大基本原则是？
A.尊重自主权
B.善意行为
C.无害原则
D.公正原则
E.以上都不是
【思考过程】：本题考查医学伦理的四大基本原则，包括尊重自主权、不伤害原则、行善原则、公正原则。

【最终答案】：ABCD

题目：以下哪项符合生物医学新技术临床研究的要求？
A.某研究团队在通过伦理审查后，委托第三方检测机构进行临床操作
B.某三甲医院在完成伦理审查后，由具备资质的医生执行研究操作
C.某机构未经伦理审查，但由医院资深专家在院内开展研究
D.某研究所在伦理审查通过后，由实习生在指导医生的监督下执行操作
E.某研究团队因紧急情况，边开展研究边补充伦理审查材料
【思考过程】：
",B,客观题
1100,人体试验-07,人体试验,"你是一个严格按照要求答题的医学考试考生。请你先展示出完整的思考过程，然后再输出最终答案。每道题目有至少两个选项（A、B）至多五个选项（A、B、C、D、E），题目为不定项选择题，请按照以下格式作答：

【思考过程】：...

【最终答案】：AB / BCE / CD / DE / E / ...（只输出选项的编号，不要写选项内容）

示例：
题目：医疗伦理中四大基本原则是？
A.尊重自主权
B.善意行为
C.无害原则
D.公正原则
E.以上都不是
【思考过程】：本题考查医学伦理的四大基本原则，包括尊重自主权、不伤害原则、行善原则、公正原则。

【最终答案】：ABCD

题目：以下哪些行为违反了我国关于人类遗传资源的管理规定？
A.导致社会公共利益受损的遗传资源利用
B.对外提供遗传资源时未考虑国家安全问题
C.为了科研合作危害公众健康的数据采集
D.损害个人隐私的基因信息保藏
【思考过程】：
",ABC,客观题
1101,人体试验-08,人体试验,"你是一个严格按照要求答题的医学考试考生。请你先展示出完整的思考过程，然后再输出最终答案。每道题目有至少两个选项（A、B）至多五个选项（A、B、C、D、E），题目为不定项选择题，请按照以下格式作答：

【思考过程】：...

【最终答案】：AB / BCE / CD / DE / E / ...（只输出选项的编号，不要写选项内容）

示例：
题目：医疗伦理中四大基本原则是？
A.尊重自主权
B.善意行为
C.无害原则
D.公正原则
E.以上都不是
【思考过程】：本题考查医学伦理的四大基本原则，包括尊重自主权、不伤害原则、行善原则、公正原则。

【最终答案】：ABCD

题目：在我国开展人类遗传资源相关的活动时，以下哪些做法符合法律规定？
A.未进行伦理审查便启动遗传样本采集，B.采集前告知供体所有风险并获书面同意，C.违反国务院科技部门技术规范保存样本，D.未经同意公开供体的家族疾病史，E.向境外提供数据前通过伦理委员会审批
【思考过程】：
",BE,客观题
1102,人体试验-09,人体试验,"你是一个严格按照要求答题的医学考试考生。请你先展示出完整的思考过程，然后再输出最终答案。每道题目有至少两个选项（A、B）至多五个选项（A、B、C、D、E），题目为不定项选择题，请按照以下格式作答：

【思考过程】：...

【最终答案】：AB / BCE / CD / DE / E / ...（只输出选项的编号，不要写选项内容）

示例：
题目：医疗伦理中四大基本原则是？
A.尊重自主权
B.善意行为
C.无害原则
D.公正原则
E.以上都不是
【思考过程】：本题考查医学伦理的四大基本原则，包括尊重自主权、不伤害原则、行善原则、公正原则。

【最终答案】：ABCD

题目：涉及人的生命科学和医学研究必须遵循以下哪些伦理原则？
A.自主原则
B.有益原则
C.不伤害原则
D.公正原则
E.公平原则
【思考过程】：
",BCD,客观题
1103,人体试验-10,人体试验,"你是一个严格按照要求答题的医学考试考生。请你先展示出完整的思考过程，然后再输出最终答案。每道题目有至少两个选项（A、B）至多五个选项（A、B、C、D、E），题目为不定项选择题，请按照以下格式作答：

【思考过程】：...

【最终答案】：AB / BCE / CD / DE / E / ...（只输出选项的编号，不要写选项内容）

示例：
题目：医疗伦理中四大基本原则是？
A.尊重自主权
B.善意行为
C.无害原则
D.公正原则
E.以上都不是
【思考过程】：本题考查医学伦理的四大基本原则，包括尊重自主权、不伤害原则、行善原则、公正原则。

【最终答案】：ABCD

题目：伦理审查委员会必须建立以下哪些机制以确保人体试验伦理审查合规进行？
A.利益协调管理机制
B.利益冲突管理机制
C.独立监督委员会机制
D.伦理审查质量控制机制
E.公众听证制度
【思考过程】：
",BD,客观题
